Workbook

Sheet Ranking Agosto 2026
A1: RANKING MENSUAL — AGOSTO 2026
A2: Votantes: | B2: 181 | D2: Juegos distintos: | E2: 322 | G2: Puntos totales: | H2: 1082
A4: Pos | B4: Juego | C4: Pts | D4: Norm. | E4: Nº1 | F4: Nº2 | G4: Nº3 | H4: Votos | I4: Var.
A5: 1 | B5: The Elder Scrolls: La Traición de la Segunda Era | C5: 41 | D5: 0.227 | E5: 11 | F5: 2 | G5: 4 | H5: 17 | I5: =
A6: 2 | B6: Arkham Horror LCG | C6: 26 | D6: 0.144 | E6: 4 | F6: 6 | G6: 2 | H6: 12 | I6: +3
A7: 3 | B7: D-Day at Omaha Beach | C7: 23 | D7: 0.127 | E7: 4 | F7: 5 | G7: 1 | H7: 10 | I7: +3
A8: 4 | B8: Yo, Napoleón | C8: 22 | D8: 0.122 | E8: 4 | F8: 3 | G8: 4 | H8: 11 | I8: +141
A9: 5 | B9: Nippon: Zaibatsu | C9: 21 | D9: 0.116 | E9: 5 | F9: 2 | G9: 2 | H9: 9 | I9: -2
A10: 6 | B10: El Señor de los Anillos: El Destino de la Comunidad | C10: 18 | D10: 0.099 | E10: 4 | F10: 2 | G10: 2 | H10: 8 | I10: -4
A11: 7 | B11: Fields of Fire | C11: 17 | D11: 0.094 | E11: 4 | F11: 2 | G11: 1 | H11: 7 | I11: +76
A12: 8 | B12: Marvel Champions | C12: 17 | D12: 0.094 | E12: 4 | F12: 2 | G12: 1 | H12: 7 | I12: -4
A13: 9 | B13: Container | C13: 14 | D13: 0.077 | E13: 3 | F13: 2 | G13: 1 | H13: 6 | I13: +20
A14: 10 | B14: Ark Nova | C14: 14 | D14: 0.077 | E14: 1 | F14: 5 | G14: 1 | H14: 7 | I14: =
A15: 11 | B15: Vantage | C15: 12 | D15: 0.066 | E15: 3 | F15: 0 | G15: 3 | H15: 6 | I15: -2
A16: 12 | B16: Arcs | C16: 12 | D16: 0.066 | E16: 2 | F16: 2 | G16: 2 | H16: 6 | I16: =
... A326: 322 | B326: Zenith | C326: 1 | D326: 0.006 | E326: 0 | F326: 0 | G326: 1 | H326: 1 | I326: +7

Sheet Votos Agosto 2026
A1: Votante | B1: 1º (3 pts) | C1: 2º (2 pts) | D1: 3º (1 pt) | E1: Comentario
A2: ibermarc | B2: A Gest of Robin Hood | C2: Combat Commander | D2: Congress of Vienna | E2: Metería algo más añejo pero solo puse novedades o del catálogo reciente de GMT. Salu2
A3: Elviejotombombadil | B3: Aeons end | C3: Frutas Fabulosas | D3: Unanimo
A4: @amador_gm | B4: After the Virus | C4: 13 Días | D4: Star Wars: La Batalla de Hoth | E4: Aprovechando el verano para jugar con mis hijos a los juegos que les apetece.
A5: Gerbert | B5: Ankh: Gods of Egypt | C5: Insondable | D5: Heat
A6: fantaso | B6: Arcs | C6: Arydia | D6: Root
A7: cesirgp | B7: Ark Nova | C7: Carnuta | D7: Reforest
A8: OletrosBCN | B8: Arkham Horror LCG | C8: El Señor de los Anillos: El Destino de la Comunidad | D8: Earthborne Rangers
A9: @Verrminard | B9: Arkham Horror LCG | C9: Yo, Napoleón | D9: Burning Banners
A10: Sisvel | B10: Arkham Horror LCG | C10: Men Nefer | D10: Earthborne Rangers
A11: Maverick_msb | B11: Arkham Horror LCG | C11: Pequeñas Grandes Mazmorras | D11: High Frontier
A12: @Juan_VS | B12: Arkwright | C12: Container | D12: Bus
A13: Borat67 | B13: Army of the Potomac | C13: Operation Overlord | D13: Coast Watchers
A14: El Cid | B14: Attrition of Souls | C14: Stalin's War | D14: La Guerra de la Triple Alianza
A15: Eleztron | B15: Bajo las hojas | C15: Elfenland | D15: Race for the Galaxy
A16: Comes Belisario | B16: Barbarians at the Gates | C16: Cruzada y Revolución | D16: Rebel Tide | E16: Los dos primeros ya los he jugado. El tercero solo he jugado un turno en solitario. Con ganas de testearlo.
A17: Caballorenier | B17: Barrage | C17: Horseless Carriage | D17: Twilight Imperium IV
A18: balaclaba | B18: Blitz Bowl | C18: Hormigas | D18: Cuius Regio | E18: Elecciones ordenadas por orden de ansia por jugarlos. ¿Para cuando un Ansiaviva ranking?
A19: Carthvader | B19: Blitz Bowl | C19: Aliens: Another Glorious Day in the Corps | D19: Compile | E19: Por fin me hice con un Blitz Bowl, lo pinté, creé unas columnas con corchos de botellas y desempolvé los viejos equipos de Blood Bowl. Jugar con el enano es muy guay y como son partidas rápidas e intensas no pierde interés. El Blitz Bowl le da mil vueltas a los hermanos mayores (Blood Bowl y BB Sevens). Es un back to the minis en toda regla porque calentando está el Némesis Represalia…
A20: Vitonator | B20: Blood Bowl | C20: Warhammer 40.000: Conquest (LCG) | D20: Horrified | E20: No sé por qué sigo comprando juegos teniendo eso en la colección
A21: @potajacion | B21: Blood Bowl Team Manager | C21: Arkham Horror LCG | D21: Star Wars: La Batalla de Hoth
A22: @Davalej | B22: Blood on the Clocktower | C22: Carson City | D22: Marrakesh | E22: Marrakesh pero el deluxe que cambia muchísimo la sensación de juego colocando los keshis en tu tablero personal y ver cómo mejora, no como en la versión barata de Devir que hay que estar cambiando por cartones. El Carson City viejo pero las sensaciones que te deja siguen siendo increíbles un juegazo que pasa bien el ritmo del tiempo y siempre apetece jugar. Y el Blood porque es el mejor juego para llevar al pueblo y jugarlo con todo el grupo de 15 o más personas, fácil de explicar y te deja un poso maravillo al terminar el juego. Cada día me pedían partida al botc en 4 días hemos jugado más de 10 partidas! Y todas las pedía la gente, lo que significa que a la gente le atrapó por completo y la genialidad de este juego que sedujo a jóvenes y más mayores y todos interactuaban estupendamente. Sigo maravillado con este juego.
A23: leke | B23: Brass Birmingham | C23: Nucleum | D23: Alta Tensión
A24: Antonio Arenillas | B24: Brass Lancashire | C24: Arcs | D24: Gaia Project
A25: davidhg | B25: Burning Banners | C25: Cuius Regio | D25: Secret Hitler | E25: El primero deseo jugarlo en grupo, el segundo deseo interiorizar las reglas y el tercero deseo emocionarme con unas cervezas
A26: @frikimalo | B26: Carnegie | C26: Heat | D26: Speakeasy | E26: Juegos que estrenas, aunque no sean la novedad: "Cada cual tiene su camino lúdico".
A27: karmal0 | B27: Catan | C27: Race for the Galaxy | D27: Terraforming Mars
A28: ManuelMenda | B28: Civolution | C28: Ark Nova | D28: Pax Renaissance
A29: @ainvar2000 | B29: Close Quarters Battles: Waterloo | C29: Modern Tactics #1: Afghanistan | D29: Help Arrives!
A30: Lagunero | B30: Commands & Colors: Napoleonics | C30: Carrier Battle: Philippine Sea | D30: The russian campaign
A31: Txalen | B31: Container | C31: Ostia | D31: Speakeasy | E31: Container caja pequeña pocas reglas mucha interacción y risas
A32: Vardak | B32: Container | C32: Nippon: Zaibatsu | D32: Lisboa | E32: Menudo agosto de bga...
A33: @rober1900 | B33: Container | C33: Ostia | D33: Barrage
A34: MorelliBuendia | B34: Cribbage | C34: Dominion | D34: Tichu | E34: Si alguien todavía se fiaba mínimamente de mi criterio, con esta votación le quito la tontería. Toma novedades, tres puntos al Cribbage y dos al Dominion. 11 partidas al Cribbage, volvimos de Minnesota enganchadinos y con tablero como souvenir. Juego tradicional de cartas muy popular por esa zona, y la verdad es que es un comepipas. También probé el Dominion por primera vez, y como plan de despedida de soltero no lo veo, pero hostia, está gracioso. 5 partidas cayeron. Por último un puntito al Tichu. Una sola partida en persona iniciando a los hermanos de mi moza en esta droga, y unos cuantos cientos contra bots de mierda en Tichuengine como matarratos. Hombrepollo, me jodiste al descubrirme esta web, yo antes era una persona productiva.
A35: Venefex | B35: Cthulhu Dark Providence | C35: Faraway | D35: Brass Birmingham
A36: Arensivia | B36: Cuius Regio | C36: Holland 44 | D36: Coalitions
A37: @OscarSGT | B37: D-Day at Omaha Beach | C37: Tigris & Euphrates | D37: Blood on the Clocktower
A38: Lord Chokul | B38: D-Day at Omaha Beach | C38: Guerrilla Generation | D38: Verdun: Steel Inferno | E38: 2x1. Me vale para el ranking de Vis Bélica. Si me gusta darle a todo, pero mi colega wargamero está de Rodríguez!
A39: @davidfp80 | B39: Darklight: Memento Mori | C39: Nippon: Zaibatsu | D39: D-Day at Omaha Beach | E39: He vuelto a sacar Darklight y por eso es al que más ganas me apetece jugar,lo siento sé que es antiguo e imperfecto 🫣
A40: Willy Barrera | B40: Dragon Eclipse | C40: Star Wars Imperial Assault | D40: The Elder Scrolls: La Traición de la Segunda Era | E40: Voy a estar jugando todo el mes al Dragon Eclipse con mis 2 hijos. O sea, que ellos juegan y yo leo el libro. Plan inmejorable, también os lo digo
A41: Valrikct | B41: El banquete de Odín | C41: SETI | D41: La isla de los gatos
A42: LacasitoRojo | B42: El Dilema del Rey | C42: Darwin's Journey | D42: SETI
A43: Sergio_a | B43: El grande | C43: Guerra del Anillo: El Juego de Cartas | D43: After the Virus
A44: @jrastillero | B44: El grande | C44: Five Tribes | D44: Age of Steam | E44: Vamos a por el último tercio del año y ya empiezan a agolparse las espectativas. A ver cómo sale en la realidad porque todos queremos abarcar demasiado.
A45: @Gor087 | B45: El Nombre de la Rosa | C45: Forest Shuffle | D45: La Búsqueda del Planeta X
A46: Cesar RV | B46: El Señor de los Anillos: El Destino de la Comunidad | C46: La Posada Sangrienta | D46: Fields of Fire | E46: Adios verano. Hola, tardes de juego alrededor de un mesa.
A47: GuilleSego | B47: The Elder Scrolls: La Traición de la Segunda Era | C47: Voidfall | D47: Star Wars Rebellion | E47: El puesto 3 es ese juegos qué se saca una o dos veces al año y te recuerda por qué caíste en está afición
A48: Ismahell | B48: The Elder Scrolls: La Traición de la Segunda Era | C48: Arkham Horror LCG | D48: High Frontier
A49: @yetblack | B49: The Elder Scrolls: La Traición de la Segunda Era | C49: Legendary Matrix | D49: Obsession
A50: Ggordobil | B50: Enemy Action: Kharkov | C50: Hearts & Minds | D50: Asturias 1936-1937 | E50: Los Enemy action son recurrentes en mi mesa, juego solo, al Hearts & Minds he jugado en el club y el Asturias está destroquelado y en cola
A51: Corpedume | B51: Europa Universalis | C51: Undaunted Stalingrad | D51: Vantage
A52: Yorick Shepard | B52: Gloomhaven: Fauces del León | C52: Gran Hotel Austria | D52: Valpiedra
A53: Ivanrobla | B53: Fields of Fire | C53: Quartermaster General: West Front | D53: Dune: Imperium – Uprising | E53: No, pero el Coín de 2 , Guerrilla es igual que malo que el antecesor British way, entre jugar Nicaragua y jugar Chipre, da igual , es el mismo juego
A54: Galort | B54: Fields of Fire | C54: High Frontier | D54: Middle-Earth Quest
A55: jimenezpab | B55: Fields of Fire | C55: Comancheria | D55: For the People
A56: RicardoMBrg | B56: Fields of Fire | C56: Koningsberg | D56: Yo, Napoleón
A57: MrBurguet | B57: For the People | C57: D-Day at Omaha Beach | D57: 300: Tierra y Agua | E57: Empezando temporada con fuerza. Aprendiendo uno nuevo (con lectura de libro en paralelo), el que está montado y lo que realmente se juega cuando hay un hueco.
A58: jordiuso | B58: Frosthaven | C58: 18Chesapeake | D58: Forbidden Stars
A59: JordiC | B59: FUBA | C59: Ajedrez | D59: Rise & Fall | E59: Este verano los enanos le han dado al ajedrez y me apetece enseñarlos lo poco de estrategia que conozco
A60: @ulula76 | B60: Gaia Project | C60: Ark Nova | D60: SETI
A61: Corle007 | B61: Galactic Cruise | C61: Jalape-NO! | D61: El Señor de los Anillos: El Destino de la Comunidad | E61: Viva Arribas
A62: Azire | B62: Galactic Cruise | C62: Hansa Teutónica | D62: Light Speed Arena
A63: Ikerat | B63: The Glasgow Train Robbery | C63: Yo, Napoleón | D63: Nucleum
A64: @Xabi82er | B64: Gloomhaven | C64: Sushi Go | D64: Sagrada
A65: Alejandro | B65: Guerra del Anillo | C65: Undaunted Normandy | D65: Cruzada y Revolución
A66: @merlujuegos | B66: Guerra del Anillo | C66: Bohnanza | D66: Dark Souls | E66: Me siento un poco mal engañando a mí hija cambiando frejoles pero se me quita al contar las monedas
A67: @nosabemperdre | B67: HeroQuest | C67: Duelo por Cardia | D67: Océanos de Papel
A68: Alonso | B68: High Frontier | C68: Cuius Regio | D68: Catacombs
A69: Tiraparriba | B69: Hive | C69: Red7 | D69: Sky Team
A70: Pablo Olóriz | B70: Homesteaders | C70: Rise & Fall | D70: Through the Desert | E70: Reedición del Homesteaders ya!!
A71: Dpalacereza | B71: Imperial Struggle | C71: Arkham Horror LCG | D71: Guerra del Anillo | E71: Sin fuerzas para novedades
A72: Ismael Garcia | B72: Imperial Struggle | C72: Océanos de Papel | D72: Hispania | E72: Gran decepción Innovation tal como se vino, se fue… y con un 3.5 en la bgg emulando a nuestro Santo Patrón Tom Lehman.
A73: Alfonso | B73: El imperio del sol | C73: Fields of Fire | D73: Fighting Formations
A74: kesulin | B74: Innovation | C74: Tower Up | D74: Eldritch Horror
A75: DedalonSensei | B75: Labyrinth | C75: Next War: Iran | D75: Burning Banners
A76: Cortimeeple | B76: London | C76: SETI | D76: Clanes de Caledonia | E76: La vida es así
A77: Raytrax | B77: The Mandalorian adventures | C77: Zombicide | D77: Love Letter: El Palacio de Jabba | E77: Mas jugados de Agosto
A78: SerCF | B78: Marvel Champions | C78: El Señor de los Anillos: Duelo por la Tierra Media | D78: Zenith
A79: @Llosef | B79: Marvel Champions | C79: Finspan | D79: Doomtown: Reloaded
A80: Jonchvic | B80: Marvel Champions | C80: Skara Brae | D80: Arkham Horror LCG
A81: Dani Django | B81: Mus | C81: Age of Steam | D81: Santiago | E81: Órdago a la grande
A82: Lluis Bullich | B82: Nemesis Retaliation | C82: Quartermaster General: South Front | D82: Las Ruinas Perdidas de Arnak
A83: Cck | B83: Nippon: Zaibatsu | C83: Arcs | D83: Oath
A84: Angelete78 | B84: Nippon: Zaibatsu | C84: Imperial Struggle | D84: Ark Nova
A85: Hall007 | B85: Nippon: Zaibatsu | C85: Innovation Ultimate Edition | D85: Vantage
A86: BarbutIndepe | B86: Nippon: Zaibatsu | C86: Pampero | D86: Inventions: La Evolución de las Ideas | E86: Juegos que han pegado con fuerza este agosto, algunos descubrimientos de viejas glorias no tan viejas y una novedad que no para de pedir mesa
A87: michinoo | B87: Normandy 44 | C87: The russian campaign | D87: Combat Commander
A88: Samdalf | B88: Oniro | C88: Kingdom Legacy | D88: Wraith and the Giants
A89: Lozan | B89: Onus! | C89: The Great Battles of Alexander (GBoH) | D89: Space Empires 4X
A90: F_Gobea | B90: Pathfinder Adventure Card Game: El Auge de los Señores de las Runas | C90: Star Wars Imperial Assault | D90: The Elder Scrolls: La Traición de la Segunda Era | E90: Mes de nostalgia. Pathfinder, 11 años sin jugar. Imperial assault casi 6 años después
A91: Pechohundido | B91: Pax Pamir | C91: Tinners Trail | D91: John Company
A92: Jalericx | B92: Pax Renaissance | C92: Pax Pamir | D92: Arcs | E92: Casi me salen tres PAX, porque el Arcs…
A93: Danielamormartin | B93: Phantom Fury | C93: Hispania | D93: Azul
A94: Luuis | B94: Rebel Princess | C94: Tute | D94: Nokosu Dice
A95: Kaisercito | B95: Rebel Tide | C95: Dune (1979) | D95: Automobile
A96: Sanlazar0 | B96: Rebirth | C96: El Señor de los Anillos: El Destino de la Comunidad | D96: Nippon: Zaibatsu | E96: Es lo que más he jugado este mes.
A97: Roberto Allgood | B97: Recall | C97: Massive Darkness 2 | D97: Dnup
A98: Henry | B98: Revenant | C98: Bloc by Bloc: Uprising | D98: Shackleton Base
A99: culebricas | B99: Scythe | C99: Guerra del Anillo: El Juego de Cartas | D99: El Señor de los Anillos LCG | E99: Me he comprado también el primer libro de la trilogía pero no sé si puedo votarlo. Un mes donde he podido optar entre comprarme expansiones de juegos que no tengo por motivos lejanos a divertirme o reventar un juego que me encanta y estudiar estrategias para dar la turra bien sobre él sacándole partido como nunca, eso sí...en su versión on line. Puedes optar por rejugar juegos on line y seguir sin tocar cartón ni compartir un rato con otros jugones así como por ser un especulador y, en ambos casos, los ves en la estantería (en el segundo caso precintado). Uno mira con una mezcla de nostalgia y esperanza y el otro mira pensando en preparar los anuncios de wallapop...Dos mundos de la afición. Arribas, si no me sacas ya con esto no sé qué más hacer.
A100: SergiJaraiz | B100: SETI | C100: Marvel Champions | D100: El Señor de los Anillos: El Destino de la Comunidad | E100: Estoy ciego, pero no de las pajas, sino de partidas con Daredevil al Marvel Champions
...

Sheet Power Ranking Agosto
A1: POWER RANKING — AGOSTO 2026
A2: Score = 0,7 × norm. agosto + 0,3 × (0,5×julio + 0,3×junio + 0,2×mayo)
A4: Pos | B4: Juego | C4: Score | D4: Norm Ago | E4: Norm Jul | F4: Norm Jun
A5: 1 | B5: The Elder Scrolls: La Traición de la Segunda Era | C5: ='Histórico 2026'!N6 | D5: 0.227 | E5: 0.159 | F5: 0.193
A6: 2 | B6: Arkham Horror LCG | C6: ='Histórico 2026'!N7 | D6: 0.144 | E6: 0.1 | F6: 0.075
A7: 3 | B7: D-Day at Omaha Beach | C7: ='Histórico 2026'!N8 | D7: 0.127 | E7: 0.094 | F7: 0.123
A8: 4 | B8: Nippon: Zaibatsu | C8: ='Histórico 2026'!N9 | D8: 0.116 | E8: 0.1 | F8: 0.059
A9: 5 | B9: El Señor de los Anillos: El Destino de la Comunidad | C9: ='Histórico 2026'!N10 | D9: 0.099 | E9: 0.129 | F9: 0.102
A10: 6 | B10: Marvel Champions | C10: ='Histórico 2026'!N11 | D10: 0.094 | E10: 0.1 | F10: 0.064
A11: 7 | B11: Yo, Napoleón | C11: ='Histórico 2026'!N12 | D11: 0.122 | E11: 0.018
A12: 8 | B12: Ark Nova | C12: ='Histórico 2026'!N13 | D12: 0.077 | E12: 0.071 | F12: 0.053
A13: 9 | B13: Fields of Fire | C13: ='Histórico 2026'!N14 | D13: 0.094 | E13: 0.018 | F13: 0.032
A14: 10 | B14: Arcs | C14: ='Histórico 2026'!N15 | D14: 0.066 | E14: 0.071 | F14: 0.08
A15: 11 | B15: Container | C15: ='Histórico 2026'!N16 | D15: 0.077 | E15: 0.041 | F15: 0.064
A16: 12 | B16: Cthulhu Dark Providence | C16: ='Histórico 2026'!N17 | D16: 0.044 | E16: 0.041 | F16: 0.198
A17: 13 | B17: Vantage | C17: ='Histórico 2026'!N18 | D17: 0.066 | E17: 0.071 | F17: 0.021
A18: 14 | B18: Voidfall | C18: ='Histórico 2026'!N19 | D18: 0.055 | E18: 0.047 | F18: 0.053
A19: 15 | B19: Nemesis Retaliation | C19: ='Histórico 2026'!N20 | D19: 0.05 | E19: 0.047 | F19: 0.102
A20: 16 | B20: SETI | C20: ='Histórico 2026'!N21 | D20: 0.05 | E20: 0.053 | F20: 0.075
A21: 17 | B21: Guerra del Anillo | C21: ='Histórico 2026'!N22 | D21: 0.055 | E21: 0.071 | F21: 0.016
A22: 18 | B22: Thunderbolt: Deluxe Edition | C22: ='Histórico 2026'!N23 | D22: 0.05 | E22: 0.035 | F22: 0.042
A23: 19 | B23: Rebirth | C23: ='Histórico 2026'!N24 | D23: 0.033 | E23: 0.082 | F23: 0.08
A24: 20 | B24: Cuius Regio | C24: ='Histórico 2026'!N25 | D24: 0.044 | E24: 0.065
A25: 21 | B25: Innovation | C25: ='Histórico 2026'!N26 | D25: 0.044 | E25: 0.041 | F25: 0.016
A26: 22 | B26: The Coming Wave | C26: ='Histórico 2026'!N27 | D26: 0.044 | E26: 0.018 | F26: 0.032
A27: 23 | B27: High Frontier | C27: ='Histórico 2026'!N28 | D27: 0.044 | E27: 0.024
A28: 24 | B28: Earthborne Rangers | C28: ='Histórico 2026'!N29 | D28: 0.039 | E28: 0.018 | F28: 0.027
A29: 25 | B29: Spirit Island | C29: ='Histórico 2026'!N30 | D29: 0.033 | E29: 0.029 | F29: 0.07
A30: 26 | B30: Guerra del Anillo: El Juego de Cartas | C30: ='Histórico 2026'!N31 | D30: 0.039 | E30: 0.018 | F30: 0.021
A31: 27 | B31: Star Wars Imperial Assault | C31: ='Histórico 2026'!N32 | D31: 0.039 | E31: 0.012 | F31: 0.032
A32: 28 | B32: Burning Banners | C32: ='Histórico 2026'!N33 | D32: 0.033 | E32: 0.029 | F32: 0.021
A33: 29 | B33: Blood on the Clocktower | C33: ='Histórico 2026'!N34 | D33: 0.028 | E33: 0.041 | F33: 0.032
A34: 30 | B34: Imperial Struggle | C34: ='Histórico 2026'!N35 | D34: 0.044 | F34: 0.011
A35: 31 | B35: Rise & Fall | C35: ='Histórico 2026'!N36 | D35: 0.028 | E35: 0.053 | F35: 0.016
A36: 32 | B36: Galactic Cruise | C36: ='Histórico 2026'!N37 | D36: 0.044
A37: 33 | B37: Cruzada y Revolución | C37: ='Histórico 2026'!N38 | D37: 0.039 | E37: 0.012 | F37: 0.011
A38: 34 | B38: Reforest | C38: ='Histórico 2026'!N39 | D38: 0.017 | E38: 0.065 | F38: 0.059
A39: 35 | B39: Through the Desert | C39: ='Histórico 2026'!N40 | D39: 0.033 | E39: 0.018 | F39: 0.021
A40: 36 | B40: Pax Pamir | C40: ='Histórico 2026'!N41 | D40: 0.028 | E40: 0.012 | F40: 0.043
A41: 37 | B41: Bajo las hojas | C41: ='Histórico 2026'!N42 | D41: 0.033 | E41: 0.018 | F41: 0.011
A42: 38 | B42: El grande | C42: ='Histórico 2026'!N43 | D42: 0.033 | E42: 0.018 | F42: 0.011
A43: 39 | B43: Castle Combo | C43: ='Histórico 2026'!N44 | D43: 0.033 | E43: 0.012 | F43: 0.016
A44: 40 | B44: Weimar: La Lucha por la Democracia | C44: ='Histórico 2026'!N45 | D44: 0.033 | E44: 0.018
A45: 41 | B45: Revenant | C45: ='Histórico 2026'!N46 | D45: 0.033 | E45: 0.024
A46: 42 | B46: Blitz Bowl | C46: ='Histórico 2026'!N47 | D46: 0.033 | E46: 0.012 | F46: 0.011
A47: 43 | B47: Urban Operations | C47: ='Histórico 2026'!N48 | D47: 0.033 | F47: 0.027
A48: 44 | B48: Dune: Imperium – Uprising | C48: ='Histórico 2026'!N49 | D48: 0.022 | E48: 0.035 | F48: 0.037
A49: 45 | B49: Star Trek: Captain's Chair | C49: ='Histórico 2026'!N50 | D49: 0.033 | F49: 0.016
A50: 46 | B50: Trickerion | C50: ='Histórico 2026'!N51 | D50: 0.033 | F50: 0.005
A51: 47 | B51: Root | C51: ='Histórico 2026'!N52 | D51: 0.022 | E51: 0.035 | F51: 0.016
A52: 48 | B52: Europa Universalis | C52: ='Histórico 2026'!N53 | D52: 0.028 | F52: 0.027
A53: 49 | B53: Combat Commander | C53: ='Histórico 2026'!N54 | D53: 0.028 | F53: 0.032
A54: 50 | B54: Age of Steam | C54: ='Histórico 2026'!N55 | D54: 0.028 | F54: 0.016
A55: 51 | B55: Terraforming Mars | C55: ='Histórico 2026'!N56 | D55: 0.017 | E55: 0.029 | F55: 0.053
A56: 52 | B56: Criaturas Maravillosas | C56: ='Histórico 2026'!N57 | D56: 0.022 | E56: 0.006 | F56: 0.048
A57: 53 | B57: Vampire: The Eternal Struggle | C57: ='Histórico 2026'!N58 | D57: 0.006 | E57: 0.082 | F57: 0.059
A58: 54 | B58: Las Ruinas Perdidas de Arnak | C58: ='Histórico 2026'!N59 | D58: 0.017 | E58: 0.041 | F58: 0.032
A59: 55 | B59: Race for the Galaxy | C59: ='Histórico 2026'!N60 | D59: 0.017 | E59: 0.053
A60: 56 | B60: Speakeasy | C60: ='Histórico 2026'!N61 | D60: 0.011 | E60: 0.041 | F60: 0.048
A61: 57 | B61: Tainted Grail | C61: ='Histórico 2026'!N62 | D61: 0.028 | E61: 0.006 | F61: 0.005
A62: 58 | B62: Brass Birmingham | C62: ='Histórico 2026'!N63 | D62: 0.022 | E62: 0.024 | F62: 0.011
A63: 59 | B63: HeroQuest | C63: ='Histórico 2026'!N64 | D63: 0.028 | F63: 0.011
A64: 60 | B64: Pax Renaissance | C64: ='Histórico 2026'!N65 | D64: 0.022 | E64: 0.018 | F64: 0.011
A65: 61 | B65: Civolution | C65: ='Histórico 2026'!N66 | D65: 0.017 | E65: 0.024
A66: 62 | B66: The Glasgow Train Robbery | C66: ='Histórico 2026'!N67 | D66: 0.022 | E66: 0.029
A67: 63 | B67: Skara Brae | C67: ='Histórico 2026'!N68 | D67: 0.028
A68: 64 | B68: Dune (1979) | C68: ='Histórico 2026'!N69 | D68: 0.022 | E68: 0.018
A69: 65 | B69: Ace of Spades | C69: ='Histórico 2026'!N70 | E69: 0.041 | F69: 0.07
A70: 66 | B70: For the People | C70: ='Histórico 2026'!N71 | D70: 0.022 | E70: 0.024
A71: 67 | B71: Blood Bowl | C71: ='Histórico 2026'!N72 | D71: 0.017 | E71: 0.018 | F71: 0.037
A72: 68 | B72: Barrage | C72: ='Histórico 2026'!N73 | D72: 0.022 | F72: 0.016
A73: 69 | B73: Arydia | C73: ='Histórico 2026'!N74 | D73: 0.022 | E73: 0.012
A74: 70 | B74: The russian campaign | C74: ='Histórico 2026'!N75 | D74: 0.022 | E74: 0.012
A75: 71 | B75: Catacombs | C75: ='Histórico 2026'!N76 | D75: 0.017 | E75: 0.035
A76: 72 | B76: Maladum | C76: ='Histórico 2026'!N77 | D76: 0.011 | E76: 0.041 | F76: 0.032
A77: 73 | B77: Heat | C77: ='Histórico 2026'!N78 | D77: 0.017 | E77: 0.018
A78: 74 | B78: Hansa Teutónica | C78: ='Histórico 2026'!N79 | D78: 0.022 | F78: 0.005
A79: 75 | B79: Blood Bowl Team Manager | C79: ='Histórico 2026'!N80 | D79: 0.017 | E79: 0.024 | F79: 0.016
A80: 76 | B80: Holland 44 | C80: ='Histórico 2026'!N81 | D80: 0.022 | F80: 0.016
A81: 77 | B81: El Señor de los Anillos LCG | C81: ='Histórico 2026'!N82 | D81: 0.006 | E81: 0.047 | F81: 0.043
A82: 78 | B82: After the Virus | C82: ='Histórico 2026'!N83 | D82: 0.022 | F82: 0.011
A83: 79 | B83: Star Wars Rebellion | C83: ='Histórico 2026'!N84 | D83: 0.022 | F83: 0.005
A84: 80 | B84: Brass Lancashire | C84: ='Histórico 2026'!N85 | D84: 0.017 | E84: 0.024
A85: 81 | B85: Gloomhaven: Fauces del León | C85: ='Histórico 2026'!N86 | D85: 0.022 | E85: 0.006
A86: 82 | B86: Ostia | C86: ='Histórico 2026'!N87 | D86: 0.022 | E86: 0.006
A87: 83 | B87: Dragon Ball Deckbuilding Game (fanmade) | C87: ='Histórico 2026'!N88 | D87: 0.011 | E87: 0.047 | F87: 0.016
A88: 84 | B88: Tichu | C88: ='Histórico 2026'!N89 | D88: 0.022
A89: 85 | B89: Valpiedra | C89: ='Histórico 2026'!N90 | D89: 0.022
A90: 86 | B90: Asturias 1936-1937 | C90: ='Histórico 2026'!N91 | D90: 0.017 | F90: 0.043
A91: 87 | B91: Nucleum | C91: ='Histórico 2026'!N92 | D91: 0.017 | E91: 0.012 | F91: 0.011
A92: 88 | B92: Commands & Colors: Napoleonics | C92: ='Histórico 2026'!N93 | D92: 0.017 | E92: 0.018 | F92: 0.011
A93: 89 | B93: Gaia Project | C93: ='Histórico 2026'!N94 | D93: 0.022
A94: 90 | B94: London | C94: ='Histórico 2026'!N95 | D94: 0.022
A95: 91 | B95: Rebel Tide | C95: ='Histórico 2026'!N96 | D95: 0.022
A96: 92 | B96: Frosthaven | C96: ='Histórico 2026'!N97 | D96: 0.017 | E96: 0.006 | F96: 0.027
A97: 93 | B97: Catan | C97: ='Histórico 2026'!N98 | D97: 0.017 | E97: 0.006 | F97: 0.016
A98: 94 | B98: Washington's War | C98: ='Histórico 2026'!N99 | D98: 0.017 | E98: 0.006 | F98: 0.016
A99: 95 | B99: Aeons end | C99: ='Histórico 2026'!N100 | D99: 0.017 | E99: 0.018 | F99: 0.005
A100: 96 | B100: Army of the Potomac | C100: ='Histórico 2026'!N101 | D100: 0.017 | E100: 0.018 | F100: 0.005
A101: 97 | B101: Dune: War for Arrakis | C101: ='Histórico 2026'!N102 | D101: 0.011 | E101: 0.047
...

Sheet Subidas y Bajadas Agosto
A1: SUBIDAS, BAJADAS Y NOVEDADES — AGOSTO 2026
A3: TOP 15 SUBIDAS
A4: Juego | B4: Pos. Ago | C4: Var
A5: Tainted Grail | B5: 47 | C5: +267
A6: Ostia | B6: 72 | C6: +233
A7: Gloomhaven: Fauces del León | B7: 58 | C7: +219
A8: Criaturas Maravillosas | B8: 54 | C8: +206
A9: Washington's War | B9: 135 | C9: +192
A10: Villa pegatina | B10: 134 | C10: +189
A11: Triumph and Tragedy | B11: 132 | C11: +186
A12: Labyrinth | B12: 108 | C12: +178
A13: Pax Pamir | B13: 45 | C13: +172
A14: Frosthaven | B14: 103 | C14: +172
A15: Catan | B15: 87 | C15: +170
A16: The russian campaign | B16: 67 | C16: +169
... A19: Cruzada y Revolución | B19: 25 | C19: +153
A22: TOP 15 BAJADAS
A23: Juego | B23: Pos. Ago | C23: Var
A24: Vampire: The Eternal Struggle | B24: 317 | C24: -310
A25: El Señor de los Anillos LCG | B25: 268 | C25: -249
A26: Eldritch Horror | B26: 269 | C26: -235
A27: María | B27: 291 | C27: -231
A28: La Cuenta | B28: 282 | C28: -230
A29: Automobile | B29: 255 | C29: -211
A30: Arkham Horror (3ª Edición) | B30: 253 | C30: -210
A31: Obsession | B31: 297 | C31: -197
A32: Stationfall | B32: 307 | C32: -192
A33: Wingspan | B33: 320 | C33: -188
A34: La Búsqueda del Planeta X | B34: 281 | C34: -186
A35: Hegemony | B35: 274 | C35: -185
... A38: Tag Team | B38: 309 | C38: -159
A41: TOP 20 NOVEDADES (NEW)
A42: Juego | B42: Pos. Ago | C42: Pts
A43: Galactic Cruise | B43: 18 | C43: 8 pts
A44: Imperial Struggle | B44: 19 | C44: 8 pts
A45: Star Trek: Captain's Chair | B45: 35 | C45: 6 pts
A46: Trickerion | B46: 36 | C46: 6 pts
A47: Urban Operations | B47: 37 | C47: 6 pts
A48: Europa Universalis | B48: 43 | C48: 5 pts
A49: HeroQuest | B49: 44 | C49: 5 pts
A50: Skara Brae | B50: 46 | C50: 5 pts
A51: Combat Commander | B51: 48 | C51: 5 pts
A52: Age of Steam | B52: 49 | C52: 5 pts
A53: After the Virus | B53: 51 | C53: 4 pts
A54: Barrage | B54: 52 | C54: 4 pts
... A62: Holland 44 | B62: 71 | C62: 4 pts

Sheet Stats Agosto 2026
A1: STATS — AGOSTO 2026
A3: Votantes | B3: 181
A4: Juegos distintos votados | B4: 322
A5: Puntos totales repartidos | B5: 1082
A6: Juegos NEW | B6: 177
A7: Juegos OUT | B7: 184
A8: Votantes duplicados detectados (resuelto: última ocurrencia) | B8: 2
A9: Votos anulados por juego no identificado | B9: 1
A10: Juegos votados por un solo votante | B10: 228
A11: Media de puntos por juego | B11: 3.36

Sheet Ranking Julio 2026
A1: RANKING MENSUAL — JULIO 2026
A2: Votantes: | B2: 170 | D2: Juegos distintos: | E2: 330 | G2: Puntos totales: | H2: 1014
A4: Pos | B4: Juego | C4: Pts | D4: Norm. | E4: Nº1 | F4: Nº2 | G4: Nº3 | H4: Votos | I4: Var.
A5: 1 | B5: The Elder Scrolls: La Traición de la Segunda Era | C5: 27 | D5: 0.159 | E5: 7 | F5: 3 | G5: 0 | H5: 10 | I5: +1
A6: 2 | B6: El Señor de los Anillos: El Destino de la Comunidad | C6: 22 | D6: 0.129 | E6: 4 | F6: 4 | G6: 2 | H6: 10 | I6: +2
A7: 3 | B7: Nippon: Zaibatsu | C7: 17 | D7: 0.1 | E7: 5 | F7: 1 | G7: 0 | H7: 6 | I7: +12
A8: 4 | B8: Marvel Champions | C8: 17 | D8: 0.1 | E8: 3 | F8: 3 | G8: 2 | H8: 8 | I8: +9
A9: 5 | B9: Arkham Horror LCG | C9: 16 | D9: 0.094 | E9: 3 | F9: 1 | G9: 5 | H9: 9 | I9: +4
A10: 6 | B10: D-Day at Omaha Beach | C10: 16 | D10: 0.094 | E10: 3 | F10: 3 | G10: 1 | H10: 7 | I10: -3
A11: 7 | B11: Vampire: The Eternal Struggle | C11: 14 | D11: 0.082 | E11: 4 | F11: 1 | G11: 0 | H11: 5 | I11: +7
A12: 8 | B12: Rebirth | C12: 14 | D12: 0.082 | E12: 2 | F12: 3 | G12: 2 | H12: 7 | I12: -2
A13: 9 | B13: Vantage | C13: 12 | D13: 0.071 | E13: 4 | F13: 0 | G13: 0 | H13: 4 | I13: +59
A14: 10 | B14: Ark Nova | C14: 12 | D14: 0.071 | E14: 3 | F14: 1 | G14: 1 | H14: 5 | I14: +9
A15: 11 | B15: Guerra del Anillo | C15: 12 | D15: 0.071 | E15: 3 | F15: 1 | G15: 1 | H15: 5 | I15: +129
A16: 12 | B16: Arcs | C16: 12 | D16: 0.071 | E16: 1 | F16: 2 | G16: 5 | H16: 8 | I16: -5
... A334: 330 | B334: pelusas | C334: 1 | D334: 0.006 | E334: 0 | F334: 0 | G334: 1 | H334: 1 | I334: NEW

Sheet Votos Julio 2026
A1: Votante | B1: 1º (3 pts) | C1: 2º (2 pts) | D1: 3º (1 pt) | E1: Comentario
A2: Melenus | B2: Ace of spades | C2: Toy battle | D2: El destino de la comunidad
A3: IsmaelGarcia | B3: Ark nova | C3: Skull King | D3: Virus!
A4: Nosabemperdre | B4: Duelo por Cardia | C4: Star Wars: La batalla de Hoth | D4: Hombres lobo de Castonegro
A5: Santi | B5: Castillos de borgoña | C5: Terraforming mars | D5: Innovation
A6: @potajacion | B6: Blood Bowl Team Manager | C6: Castelnuovo 1539 | D6: Arkham Horror lcg
A7: Dani Django | B7: Rise & Fall | C7: Lost cities | D7: Magic number eleven | E7: Jugados este mes
A8: shamoon_77 | B8: andromeda's edge | C8: Nemesis: Represalia | D8: five tribes
A9: Dvssr | B9: Lords or waterdeep | C9: Container | D9: Libertalia
A10: kabraxxx | B10: The Old Prince 1871 | C10: 18ESP | D10: El valle de los molinos | E10: Buen verano!
A11: @jackdragma | B11: La cuenta | C11: Pili-pili | D11: Dnup | E11: Juegos ligeros para jugar con la familia de vacaciones
A12: Carthva | B12: Aliens Otro Glorioso Día en el Cuerpo | C12: Blitz Bowl | D12: El Destino de la Comunidad | E12: Después de mese jugando wargames (o pseudo wargames) el verano y estar fuera de casa lleva a jugar otras cosas. Minis y pintura… la combinación para los ratos fuera de playa/piscina… igual de perjudicial para el bolsillo que los hexes&counters
A13: @JordixMeep | B13: Keep the heroes out | C13: Dragon Ball Deck Building Game ("fanmade") | D13: Ace of Spades
A14: TTSoloMate | B14: Speakeasy | C14: Sleeping Gods Primeval Peril | D14: Infernal Machine | E14: Lo que necesito pero me niegan, lo que tengo en la mesa para el vermut, lo que tengo en la mesilla a prueba de reglas.
A15: Antonio Arenillas | B15: El pantano de Feya | C15: Root | D15: Arcs | E15: El pantano de Feya lo más jugado y otro mes más con juegos estrella de Cole. Él es mi pastor, nada me faltará.
A16: Isg9 | B16: Aeon's End | C16: Rising Sun | D16: Massive darkness 2: Hellscape
A17: Jota Tob | B17: Spirit Island | C17: Marvel Champions | D17: Last Bastion | E17: Los votos son por las sensaciones al jugarlos este mes de Julio
A18: O_Raposo | B18: D-day playa de omaha | C18: Reforest | D18: Spirit Island | E18: Solo jugado en solo
A19: Hombrepollo | B19: High Frontier | C19: Wizard | D19: Cat in the Box
A20: SirMartin | B20: Wingspan | C20: Rebirth | D20: Spirit Island
A21: Cuakdarko | B21: Dune Guerra por Arrakis | C21: The Elder Scrolls: La Traición de la Segunda Era | D21: Brass Lancashire
A22: Jose Brutinel Sampol | B22: Thundebolt | C22: 1812: War on the Great Lakes Frontier | D22: 18Los Angeles
A23: Arensivia | B23: Three days of Gettysburg | C23: Cuius Regio | D23: SCS Fallschimjaeger
A24: Miguel García | B24: Aventureros al tres: leyendas del oeste | C24: Gaudí | D24: Take Time
A25: @sergio_a | B25: Wasteland express delivery service | C25: Cat in the box | D25: Automobile | E25: He jugado 7 juegos de trenes este mes y el mejor ha sido wasteland express delivery service
A26: @MayorBriggs | B26: Too Many Bones | C26: Pandemic | D26: Frosthaven
A27: @Royo1974 | B27: The Elder Scrolls: La Traicion de la Segunda Era | C27: Queen of Spies | D27: La Marcha de las Hormigas edición evolucionada
A28: @biofor00 | B28: PAX renaisaance 2a edicion | C28: Root | D28: Arcs
A29: @amador_gm | B29: Quatermaster General Frente Sur | C29: Smart 10 | D29: Pelusas | E29: Criterio de voto: lo más jugado
A30: Ballesmania | B30: Terraforming Mars | C30: Quartermaster General East Front | D30: Catán | E30: Todo en BGA, como siempre...
A31: Akilimarro | B31: Dragon Ball Deckbuilding Game | C31: Heat | D31: Container | E31: ¡Que viva Telameto!
A32: José Alfonso | B32: Inflection point (bcs) | C32: Smolensk (ocs) | D32: Next war poland | E32: Los juegos de mmp de entre mis favoritos ocs, bcs y gts incluso salan. Pero tengo me apetece mucho operacional de guerra moderna y para mí el mejor la serie next war al menos que yo conozca. Si hubierais puesto un 4 juego hubiera puesto la serie fleet por ejemplo 6 flota del mediterráneo cualquiera día lo pongo en la mesa
A33: Pedro Calvo | B33: Kingdoms Forlorn | C33: Arydia | D33: Burncycle | E33: Mes flojo de partidas pero no de juegos
A34: SergioKml | B34: Vantage | C34: Diluvium | D34: Kraftwagen: Age of Engineering
A35: Jalericx | B35: Rebirth | C35: Arcs | D35: Innovation
A36: @antialias | B36: Arkham Horror LCG | C36: 7th citadel | D36: Taluva | E36: Las únicas partidas las del AHLCG. El resto son mis ganas!
A37: JanSolo999 | B37: The Elder Scrolls: La Traición de la Segunda Era | C37: Maladum | D37: Frostpunk
A38: Gerbert | B38: Catacombs | C38: Corona del Viejo Rey | D38: Heat
A39: Kanino | B39: Rise & Fall | C39: Container | D39: Rebirth
A40: Krev | B40: War Chest | C40: Barony | D40: Taluva | E40: 1. War Chest, porque el completismo me puede y un par de expansiones con nuevas unidades es más gozo que pozo. Dámelo todo, papi. 2. Barony, porque dejé escapar una copia de segunda mano a 10€. 3. Taluva, porque me da sensaciones parecidas al Rise & Fall por 11€ en vez de por 70€. Un par de accesits: Guerra del Anillo de Cartas, porque estoy a tope con Ian Brody y su sistema, aunque prefiero Quartermaster; En el Nombre de la Rosa, porque es como la vida misma. Al final, lo que importa es echar la culpa a otro y que se coma él el marrón.
A41: Alonso (Entwistle) | B41: Cuius Regio | C41: Catacombs | D41: High Frontier | E41: Resulta que en mi canal de YT estoy subiendo de higos a brevas pequeños comentarios o reflexiones sobre temas variados etiquetados como #comentariosaeternos. Dado que no tengo otra cosa que decir, y que creo que es lo más cerca que voy a estar de tener un podcast, me permito esta descarada muestra de autobombo y spam.
A42: Lagunero | B42: Command & Colors: Napoleonic | C42: The Russian Campaign | D42: US Civil War
A43: @jbychu | B43: Marvel Champions | C43: Dogs of war | D43: Massive Darkness 2
A44: MARCO | B44: Veiled Fate | C44: Yro | D44: Thunder road vendetta | E44: Jugaria el nuevo Nippon pero no encuentro la.sesion adecuada.
A45: GregoGP | B45: Reforest | C45: One Deck Mazomorra | D45: La Cuenta
A46: Borat67 | B46: Army of the Potomac | C46: Pursuit of Glory | D46: Operation Overlord
A47: @carlos_martin_gonzalez | B47: Vantage | C47: Brass birmingan | D47: Speak easy
A48: @yetblack | B48: obsesión | C48: The Elder Scrolls: La Traición de la Segunda Era | D48: Marvel zombies | E48: mi primer puesto es por que lo juego con mi hija a tope
A49: NandoRedondo | B49: Hallertau | C49: Terraforming Mars: El juego de dados | D49: El Valle de los Molinos | E49: En solitario los he dado bastante caña
A50: Currocl | B50: Arkham horror 3 edicion | C50: Arkham horror lcg | D50: D day omaha beach | E50: He conseguido jugar con alguien este mes y no solo como la una
A51: MrExotic | B51: Thunderroad vendeta | C51: Echoes of time | D51: Mistborn | E51: He provado el Wavelength y me parecio una mierda!
A52: Vardak | B52: Queen Alice | C52: Bus | D52: Sweet Lands | E52: El mes que más he jugado a la BGA desde la pandemia. Lamentable...
A53: Cesar RV | B53: The Gang | C53: El Señoor de los Anillos LCG | D53: Marvel Champions LCG | E53: The Gang. Nunca pense que jugar al poker fuese tan divertido.
A54: Itachi314 | B54: Hombres lobo de Castronegro | C54: Bang de dados | D54: Dune Imperium
A55: Elviejotombombadil | C55: Eldritch Horror | D55: Las vegas | E55: Hay que volver siempre a los que sabes que no fallan...
A56: NallagaduR | B56: Vampire: the eternal struggle | C56: Maladum | D56: Twilight Imperium | E56: Las respuestas se unifican? O si alguien pone Catan y otro pone Colonos de Catan, cuentan como dos juegos distintos?
A57: @OscarSGT | B57: El Señor de los Anillos: El Destino de la Comunidad | C57: Guerra del Anillo | D57: Tigris y Eufrates
A58: Lonestar | B58: V:TES | C58: RAGE | D58: Lord of the Rings
A59: @JotaCalaVera | B59: Vantage | C59: Ace of Spades | D59: Take Time
A60: Telegram +34675941566 | B60: Warhammer 40000 | C60: Vampiro VTES | D60: Warhammer Age of Sigmar
A61: @Gor087 | B61: La búsqueda del Planeta X | C61: Forest Shuffle | D61: El nombre de la rosa
A62: Daniel | B62: Vampire the eternal struggle | C62: Patchwork | D62: Carcassonne
A63: DedalonSensei | B63: Danger Forward: The Battle of Gela, July 1943 | C63: Burning Banners | D63: Next War Iran
A64: Ikerat | B64: The Glasgow Train Robbery | C64: City of the big shoulders | D64: Skull queen
A65: Alan | B65: Beyond the Sun | C65: Las Ruinas Perdidas de Arnak | D65: Zenith
A66: Sherlocky | B66: The Coming Wave: Storm over the South China Sea | E66: El único sistema en mi mesa desde hace un año. Este mes ha tocado el vol 002 de TCW.
A67: Gissus | B67: El Grande | C67: Men Nefer | D67: Final Girl
A68: nene | B68: Guerra del Anillo | C68: Civilization Avalon Hll | D68: La colina masqueoca
A69: Carr_ca | B69: Ark Nova | C69: Teotihuacán | D69: Miyabi | E69: Juegos jugados durante el mes
A70: Eusebi | B70: Pauper's ladder | C70: Atlantic Chase | D70: Arcs
A71: @flojich | B71: Dune | C71: Maria | D71: Food chain magnate
A72: David Qwijibo | B72: Brass lancashire | C72: Nippon zaibatsu | D72: Skull king
A73: Alejandropa | B73: Guerra del anillo | C73: Cruzada y revolución | D73: Space empires
A74: Sisvel | B74: Héroes 3 board game | C74: Dune guerra de arrakis | D74: Adamastor
A75: @manuecor | B75: Batallas napoleónicas en la península | C75: Conservas | D75: Strange world
A76: Jonchvic | B76: Arkham horror LCG | C76: Marvel Champions | D76: Ark Nova
A77: Enran | B77: Mansiones de la locura segunda edición | C77: El señor de los anillos el destino de la comunidad | D77: Gloomhaven fauces del leon
A78: Kaool | B78: Stalingrad. Advanced to the volga | C78: Duelo por la tierra media | D78: Norman conquest. Men of iron | E78: Últimamente la vena wargamera me ha dado fuerte , el celles también lo compré a raíz del pequeño video de Arribas, pero no había 4 puestos. Se cuela el duel por qué a mí hijo pequeño le gustó, y estoy aprovechando el tirón este mes. De lejos el más jugado este verano.
A79: Manjbc78 | B79: One piece | C79: Gundam | D79: Magic | E79: fast games
A80: Mozas | B80: Vampire: the eternal struggle (VTES) | C80: Root | D80: Munchkin
A81: @Chewamenon | B81: Star Wars. El Borde Exterior | C81: Race for the Galaxy | D81: Container
A82: @Xabi82er | B82: Concordia | C82: Terraforming Mars: El juego de dados | D82: El Dorado
A83: Cerebus73 | B83: Vantage | C83: Iwo Jima | D83: Race for the galaxy | E83: Lo que me gustaría jugar y a lo que he jugado realmente
A84: TheMisterButton | B84: Dark Providence | C84: Pax Pamir | D84: Tigris y Eufrates
A85: No tengo | B85: Race for the Galaxy | C85: Compile | D85: Tag Team
A86: Vitonator | B86: Blood Bowl | C86: Mage Wars | D86: Leyenda de los cinco anillos LCG
A87: jimenezpab | B87: Fields of Fire | C87: For the People | D87: Comancheria
A88: Margondur | B88: Nippon: Zaibatsu | C88: Arcs | D88: Marvel Champions
A89: Henry | B89: Dune Uprising | C89: Voidfall | D89: Revenant
A90: Luiyijoker | B90: Skymines | C90: Anachrony | D90: Nusfjord | E90: Skymines = mombasa sin esclavos y depurado. Juegazo que se juega poco.
A91: Charlie Foxtrot | B91: Dominant Species | C91: D-Day Playa de Omaha | D91: Arkham Horror 3a Ed | E91: Llevo el último mes sin jugar a nada, y estos los tengo entre ceja y ceja para cuando se pueda.
A92: Klingsor | B92: Dune Insurrección | C92: Onus! | D92: White Castle
A93: Melo | B93: Eldritch horror | C93: Viajes por la tierra media | D93: Ace of spades
A94: Angelete78 | B94: Nippon: Zaibatsu | C94: Undaunted stalingrad | D94: Tower up
A95: F_Gobea | B95: Aeon Trespass Odyssey | C95: The Elder Scrolls: La Traición de la Segunda Era | D95: Keep The Heroes Out
A96: Dani Pinback | B96: Castillos de Borgoña | C96: Troyes | D96: Dinosaur Gauge | E96: Dos pepinos y un cube rail como ensalada veraniega
A97: Roberto Allgood | B97: The Queen's Dilemma | C97: Blood on the Clocktower | D97: Ethnos | E97: The queen's dilemma es mi primer juego legacy largo y está buenísimo!
A98: oredondo | B98: Burning Banners | C98: D-Day Playa de Omaha | D98: Hands in the sea
A99: @SergiJaraiz | B99: Marvel Champions | C99: Destino de la Comunidad | D99: Seti | E99: Últimamente estoy ciego con el Marvel Champions. Ojalá vivir en el 9ºB (no ve no ve) y seguir jugando a Daredevil
A100: Jocava | B100: The Elder Scrolls: La Traición de la Segunda Era | C100: Killteam | D100: Arkham LCG
...

Sheet Power Ranking Julio
A1: POWER RANKING — JULIO 2026
A2: Score = 0,7 × norm. julio + 0,3 × (0,5×junio + 0,3×mayo + 0,2×abril)
A4: Pos | B4: Juego | C4: Score | D4: Norm Jul | E4: Norm Jun | F4: Norm May
A5: 1 | B5: The Elder Scrolls: La Traición de la Segunda Era | C5: 0.1855 | D5: 0.159 | E5: 0.193 | F5: 0.272
A6: 2 | B6: El Señor de los Anillos: El Destino de la Comunidad | C6: 0.1171 | D6: 0.129 | E6: 0.102 | F6: 0.12
A7: 3 | B7: D-Day at Omaha Beach | C7: 0.0988 | D7: 0.094 | E7: 0.123 | F7: 0.12
A8: 4 | B8: Arkham Horror LCG | C8: 0.0957 | D8: 0.094 | E8: 0.075 | F8: 0.092
A9: 5 | B9: Vampire: The Eternal Struggle | C9: 0.088 | D9: 0.082 | E9: 0.059 | F9: 0.011
A10: 6 | B10: Nippon: Zaibatsu | C10: 0.0873 | D10: 0.1 | E10: 0.059 | F10: 0.065
A11: 7 | B11: Marvel Champions | C11: 0.086 | D11: 0.1 | E11: 0.064 | F11: 0.038
A12: 8 | B12: Arcs | C12: 0.0735 | D12: 0.071 | E12: 0.08 | F12: 0.082
A13: 9 | B13: Cthulhu Dark Providence | C13: 0.0705 | D13: 0.041 | E13: 0.198 | F13: 0.114
A14: 10 | B14: Rebirth | C14: 0.0694 | D14: 0.082 | E14: 0.08 | F14: 0
A15: 11 | B15: Ark Nova | C15: 0.0692 | D15: 0.071 | E15: 0.053 | F15: 0.071
A16: 12 | B16: Nemesis Retaliation | C16: 0.062 | D16: 0.047 | E16: 0.102 | F16: 0.071
... A48: 44 | B48: Blood Bowl | C48: 0.0214 | D48: 0.018 | E48: 0.037 | F48: 0.011
A49: 45 | B49: Tierra y Libertad | C49: 0.0207 | E49: 0 | F49: 0
A50: 46 | B50: Thunder Road: Vendetta | C50: 0.0206 | D50: 0.024 | E50: 0 | F50: 0.038
A51: 47 | B51: Stationfall | C51: 0.0204 | D51: 0.018 | E51: 0.011 | F51: 0.027
A52: 48 | B52: John Company | C52: 0.0204 | E52: 0 | F52: 0
A53: 49 | B53: Inventions | C53: 0.0203 | D53: 0.029 | E53: 0 | F53: 0
A54: 50 | B54: Aliens: Otro Glorioso Día en el Cuerpo | C54: 0.0203 | D54: 0.029 | E54: 0 | F54: 0
A55: 51 | B55: The Glasgow Train Robbery | C55: 0.0203 | D55: 0.029 | E55: 0 | F55: 0
A56: 52 | B56: Struggle of Empires | C56: 0.0202 | D56: 0.018 | E56: 0.043 | F56: 0
A57: 53 | B57: María | C57: 0.0201 | D57: 0.024 | E57: 0 | F57: 0.016
A58: 54 | B58: Keep the Heroes Out! | C58: 0.0199 | D58: 0.024 | E58: 0.016 | F58: 0
A59: 55 | B59: Brass Lancashire | C59: 0.0197 | D59: 0.024 | E59: 0 | F59: 0.016
A60: 56 | B60: Concordia | C60: 0.0194 | D60: 0.018 | E60: 0.021 | F60: 0.033
A61: 57 | B61: La Corona del Viejo Rey | C61: 0.0194 | D61: 0.012 | E61: 0.005 | F61: 0.065
A62: 58 | B62: Pax Pamir | C62: 0.0193 | D62: 0.012 | E62: 0.043 | F62: 0.033
A63: 59 | B63: Blood Bowl Team Manager | C63: 0.0192 | D63: 0.024 | E63: 0.016 | F63: 0
A64: 60 | B64: Heat | C64: 0.0192 | D64: 0.018 | E64: 0 | F64: 0.049
... A70: 66 | B70: Guerra del Anillo: El Juego de Cartas | C70: 0.0187 | D70: 0.018 | E70: 0.021 | F70: 0.016
A71: 67 | B71: Age of Steam | C71: 0.0187 | E71: 0.016 | F71: 0.038
A72: 68 | B72: Quartermaster General: South Front | C72: 0.0184 | D72: 0.024 | E72: 0.011 | F72: 0
A73: 69 | B73: Fields of Fire | C73: 0.0184 | D73: 0.018 | E73: 0.032 | F73: 0.011
A74: 70 | B74: Dune Imperium | C74: 0.0182 | D74: 0.006 | E74: 0.048 | F74: 0.038
A75: 71 | B75: Arkham Horror (3ª Edición) | C75: 0.0175 | D75: 0.024 | E75: 0 | F75: 0
A76: 72 | B76: A Study in Emerald | C76: 0.0174 | E76: 0 | F76: 0
A77: 73 | B77: High Frontier | C77: 0.0172 | D77: 0.024 | E77: 0 | F77: 0.005
A78: 74 | B78: ¡Aventureros al Tren! Legacy Leyendas del Oeste | C78: 0.0172 | D78: 0.018 | E78: 0.021 | F78: 0.016
A79: 75 | B79: Luthier | C79: 0.0172 | D79: 0.018 | E79: 0.011 | F79: 0.016
A80: 76 | B80: For the People | C80: 0.0172 | D80: 0.024 | E80: 0 | F80: 0
A81: 77 | B81: Pax Renaissance | C81: 0.0169 | D81: 0.018 | E81: 0.011 | F81: 0.022
A82: 78 | B82: Automobile | C82: 0.0168 | D82: 0.024 | E82: 0 | F82: 0
A83: 79 | B83: Revenant | C83: 0.0168 | D83: 0.024 | E83: 0 | F83: 0
A84: 80 | B84: Terraforming Mars: El Juego de Dados | C84: 0.0168 | D84: 0.024 | E84: 0 | F84: 0
A85: 81 | B85: Criaturas Maravillosas | C85: 0.0168 | D85: 0.006 | E85: 0.048 | F85: 0.043
A86: 82 | B86: Terra Mystica | C86: 0.0168 | D86: 0.024 | E86: 0 | F86: 0
A87: 83 | B87: Leyenda de los Cinco Anillos LCG | C87: 0.0168 | D87: 0.024 | E87: 0 | F87: 0
A88: 84 | B88: Hombres Lobo de Castronegro | C88: 0.0168 | D88: 0.024 | E88: 0 | F88: 0
A89: 85 | B89: Dead Cells | C89: 0.0168 | E89: 0 | F89: 0
A90: 86 | B90: Duelo por Cardia | C90: 0.0167 | D90: 0.018 | E90: 0.021 | F90: 0.011
A91: 87 | B91: Unstoppable | C91: 0.0162 | D91: 0.006 | E91: 0.021 | F91: 0.098
A92: 88 | B92: Mage Knight | C92: 0.016 | E92: 0.048 | F92: 0.065
A93: 89 | B93: Kingdoms forlorn | C93: 0.016 | D93: 0.018 | E93: 0.016 | F93: 0.011
A94: 90 | B94: Obsession | C94: 0.0158 | D94: 0.018 | E94: 0.011 | F94: 0
A95: 91 | B95: Through the Desert | C95: 0.0158 | D95: 0.018 | E95: 0.021 | F95: 0
A96: 92 | B96: Wingspan | C96: 0.0158 | D96: 0.018 | E96: 0.005 | F96: 0.011
A97: 93 | B97: Dune (1979) | C97: 0.0157 | D97: 0.018 | E97: 0 | F97: 0.022
A98: 94 | B98: Aeon Trespass: Odyssey | C98: 0.0157 | D98: 0.018 | E98: 0.011 | F98: 0.016
A99: 95 | B99: The Gang | C99: 0.0152 | D99: 0.018 | E99: 0.011 | F99: 0.011
A100: 96 | B100: Nusfjord | C100: 0.0152 | D100: 0.018 | E100: 0 | F100: 0.016
A101: 97 | B101: Veiled Fate | C101: 0.015 | D101: 0.018 | E101: 0.016 | F101: 0
A102: 98 | B102: The Queen's Dilemma | C102: 0.015 | D102: 0.018 | E102: 0.016 | F102: 0
A103: 99 | B103: Wir sind das wolk | C103: 0.015 | D103: 0.018 | E103: 0.016 | F103: 0
A104: 100 | B104: Darwin's Journey | C104: 0.0148 | D104: 0.018 | E104: 0.005 | F104: 0
... A107: 103 | B107: Skymines | C107: 0.0147 | D107: 0.018 | E107: 0.011 | F107: 0.005
A108: 104 | B108: Metal Gear Solid | C108: 0.0146 | E108: 0 | F108: 0.033
A109: 105 | B109: Crucero Galáctico | C109: 0.0146 | E109: 0 | F109: 0.065
A110: 106 | B110: Space Hulk: Death Angel | C110: 0.0144 | D110: 0.018 | E110: 0 | F110: 0.016
A111: 107 | B111: Andromeda edge | C111: 0.0142 | D111: 0.018 | E111: 0.011 | F111: 0
A112: 108 | B112: Warhammer 40k | C112: 0.0142 | D112: 0.018 | E112: 0.011 | F112: 0
A113: 109 | B113: Dorfromantik | C113: 0.0142 | D113: 0.018 | E113: 0.011 | F113: 0
A114: 110 | B114: La Búsqueda del Planeta X | C114: 0.014 | D114: 0.018 | E114: 0 | F114: 0.016
A115: 111 | B115: Dragons Down | C115: 0.014 | D115: 0.018 | E115: 0 | F115: 0.016
A116: 112 | B116: Innovation Ultimate Edition | C116: 0.0139 | E116: 0 | F116: 0.011
A117: 113 | B117: Lords of Waterdeep | C117: 0.0138 | D117: 0.018 | E117: 0 | F117: 0.005
A118: 114 | B118: Paths of Glory | C118: 0.0137 | D118: 0.018 | E118: 0.005 | F118: 0
A119: 115 | B119: Imperium Clásicos y Legendarios | C119: 0.0137 | E119: 0 | F119: 0.027
A120: 116 | B120: Sweet Lands | C120: 0.0137 | D120: 0.018 | E120: 0.005 | F120: 0
A121: 117 | B121: Star Wars Borde Exterior | C121: 0.0136 | D121: 0.018 | E121: 0 | F121: 0.011
A122: 118 | B122: Skull King | C122: 0.0136 | D122: 0.018 | E122: 0 | F122: 0.011
A123: 119 | B123: Ankh | C123: 0.0135 | E123: 0 | F123: 0
A124: 120 | B124: Trans siberian railroads | C124: 0.0135 | E124: 0 | F124: 0
A125: 121 | B125: Reformation: Fire and Faith | C125: 0.0135 | E125: 0 | F125: 0
A126: 122 | B126: Yinsh | C126: 0.0135 | E126: 0 | F126: 0
A127: 123 | B127: Ucrania 43 | C127: 0.0135 | E127: 0 | F127: 0
A128: 124 | B128: Endurance | C128: 0.0135 | E128: 0 | F128: 0
A129: 125 | B129: Conquest of Paradise | C129: 0.0135 | E129: 0 | F129: 0
A130: 126 | B130: Cerdeña | C130: 0.0135 | E130: 0 | F130: 0
A131: 127 | B131: Radlands | C131: 0.0135 | E131: 0 | F131: 0
A132: 128 | B132: One Night Ultimate Werewolf | C132: 0.0135 | E132: 0 | F132: 0
A133: 129 | B133: Amun Re | C133: 0.0135 | E133: 0 | F133: 0
A134: 130 | B134: Ponte del diavolo | C134: 0.0135 | E134: 0 | F134: 0
A135: 131 | B135: Oltréé | C135: 0.0134 | D135: 0.018 | E135: 0 | F135: 0.005
A136: 132 | B136: Aeons end | C136: 0.0133 | D136: 0.018 | E136: 0.005 | F136: 0
A137: 133 | B137: Dominant Species | C137: 0.0133 | D137: 0.018 | E137: 0 | F137: 0
A138: 134 | B138: The Old Prince 1871 | C138: 0.0133 | D138: 0.018 | E138: 0.005 | F138: 0
A139: 135 | B139: Army of the Potomac | C139: 0.0133 | D139: 0.018 | E139: 0.005 | F139: 0
...

Sheet Subidas y Bajadas Julio
A1: SUBIDAS, BAJADAS Y NOVEDADES — JULIO 2026
A3: TOP 15 SUBIDAS
A4: Juego | B4: Pos. Jul | C4: Var
A5: Wingspan | B5: 132 | C5: +202
A6: The Old Prince 1871 | B6: 120 | C6: +200
A7: Paths of Glory | B7: 105 | C7: +194
A8: Hegemony | B8: 89 | C8: +183
A9: Aeons end | B9: 63 | C9: +177
A10: Army of the Potomac | B10: 66 | C10: +176
A11: Sweet Lands | B11: 143 | C11: +174
A12: Quartermaster General: South Front | B12: 54 | C12: +158
A13: Castillos de Borgoña | B13: 31 | C13: +138
A14: Guerra del Anillo | B14: 11 | C14: +129
A15: Darwin's Journey | B15: 138 | C15: +120
A16: Brass Birmingham | B16: 58 | C16: +109
... A19: Warhammer 40k | B19: 128 | C19: +105
A21: TOP 15 BAJADAS
A22: Juego | B22: Pos. Jul | C22: Var
A23: Operation Overlord | B23: 303 | C23: -280
A24: Twilight Struggle | B24: 320 | C24: -277
A25: Unstoppable | B25: 322 | C25: -255
A26: Dune Imperium | B26: 268 | C26: -248
A27: Space Empires 4X | B27: 312 | C27: -246
A28: Marrakesh | B28: 294 | C28: -242
A29: Criaturas Maravillosas | B29: 260 | C29: -238
A30: Frosthaven | B30: 275 | C30: -225
A31: The russian campaign | B31: 236 | C31: -206
A32: Adamastor | B32: 248 | C32: -201
A33: Ra | B33: 307 | C33: -199
A34: Washington's War | B34: 327 | C34: -199
... A37: Pax Pamir | B37: 217 | C37: -190
A39: TOP 20 NEW
A40: Juego | B40: Pos. Jul | C40: Pts
A41: Cuius Regio | B41: 13 | C41: 11
A42: Race for the Galaxy | B42: 16 | C42: 9
A43: Dune: War for Arrakis | B43: 20 | C43: 8
A44: Catacombs | B44: 33 | C44: 6
A45: Aliens: Otro Glorioso Día en el Cuerpo | B45: 38 | C45: 5
A46: Inventions | B46: 40 | C46: 5
A47: The Glasgow Train Robbery | B47: 42 | C47: 5
A48: Arkham Horror (3ª Edición) | B48: 43 | C48: 4
A49: Automobile | B49: 44 | C49: 4
A50: Brass Lancashire | B50: 47 | C50: 4
A51: Civolution | B51: 48 | C51: 4
A52: High Frontier | B52: 49 | C52: 4
... A60: María | B60: 60 | C60: 4
A62: JUEGOS OUT (205 total, no votados en julio)
A63: Juego | B63: Pos. Jun
A64: Mage Knight | B64: 21
A65: Asturias 1936-1937 | B65: 25
A66: 1825 | B66: 33
A67: La Marcha de las Hormigas | B67: 37
A68: Combat Commander | B68: 39
A69: Star Wars Imperial Assault | B69: 42
A70: Eila y el Brillo Misterioso | B70: 48
A71: Europa Universalis | B71: 49
A72: Julius Caesar | B72: 51
A73: Urban Operations | B73: 55
A74: 1825: Unit 2 | B74: 57
A75: Harmonies | B75: 59
... A93: Hansa | B93: 92

Sheet Stats Julio 2026
A1: STATS — JULIO 2026
A3: Votantes | B3: 170
A4: Juegos distintos votados | B4: 330
A5: Puntos totales repartidos | B5: 1014
A6: Juegos NEW | B6: 200
A7: Juegos OUT | B7: 205
A8: Votantes duplicados detectados (resuelto: última ocurrencia) | B8: 2

Sheet Power Ranking Junio
A1: POWER RANKING — JUNIO 2026
A2: Score = 0,7 × norm. junio + 0,3 × (0,5×may + 0,3×abr + 0,2×mar)
A4: Pos | B4: Juego | C4: Score | D4: Norm Jun | E4: Norm May | F4: Norm Abr
A5: 1 | B5: The Elder Scrolls: La Traición de la Segunda Era | C5: 0.212 | D5: 0.193 | E5: 0.272 | F5: 0.346
A6: 2 | B6: Cthulhu Dark Providence | C6: 0.1585 | D6: 0.198 | E6: 0.114 | F6: 0.031
A7: 3 | B7: D-Day at Omaha Beach | C7: 0.1197 | D7: 0.123 | E7: 0.12 | F7: 0.062
A8: 4 | B8: Nemesis Retaliation | C8: 0.0948 | D8: 0.102 | E8: 0.071 | F8: 0.123
A9: 5 | B9: Arkham Horror LCG | C9: 0.0919 | D9: 0.075 | E9: 0.092 | F9: 0.173
A10: 6 | B10: El Señor de los Anillos: El Destino de la Comunidad | C10: 0.0905 | D10: 0.102 | E10: 0.12 | F10: 0.012
A11: 7 | B11: SETI | C11: 0.0789 | D11: 0.075 | E11: 0.065 | F11: 0.074
A12: 8 | B12: Arcs | C12: 0.0758 | D12: 0.08 | E12: 0.082 | F12: 0.074
A13: 9 | B13: Vampire: The Eternal Struggle | C13: 0.0741 | D13: 0.059 | E13: 0.011 | F13: 0.346
A14: 10 | B14: Ace of Spades | C14: 0.0661 | D14: 0.07 | E14: 0.114
A15: 11 | B15: Voidfall | C15: 0.0619 | D15: 0.053 | E15: 0.103 | F15: 0.049
A16: 12 | B16: Marvel Champions | C16: 0.0599 | D16: 0.064 | E16: 0.038 | F16: 0.049
A17: 13 | B17: Speakeasy | C17: 0.0572 | D17: 0.048 | E17: 0.054 | F17: 0.08
A18: 14 | B18: Ark Nova | C18: 0.0572 | D18: 0.053 | E18: 0.071 | F18: 0.086
A19: 15 | B19: Nippon: Zaibatsu | C19: 0.0566 | D19: 0.059 | E19: 0.065 | F19: 0.043
A20: 16 | B20: Rebirth | C20: 0.056 | D20: 0.08
A21: 17 | B21: Spirit Island | C21: 0.0554 | D21: 0.07 | E21: 0.005 | F21: 0.025
A22: 18 | B22: Mage Knight | C22: 0.0503 | D22: 0.048 | E22: 0.065 | F22: 0.031
A23: 19 | B23: Terraforming Mars | C23: 0.048 | D23: 0.053 | E23: 0.038 | F23: 0.012
A24: 20 | B24: Reforest | C24: 0.0478 | D24: 0.059 | E24: 0.043
A25: 21 | B25: Container | C25: 0.0472 | D25: 0.064 | E25: 0.016
A26: 22 | B26: Dune Imperium | C26: 0.0443 | D26: 0.048 | E26: 0.038 | F26: 0.056
A27: 23 | B27: Criaturas Maravillosas | C27: 0.0423 | D27: 0.048 | E27: 0.043 | F27: 0.025
A28: 24 | B28: Toy Battle | C28: 0.0404 | D28: 0.032 | E28: 0.038 | F28: 0.025
A29: 25 | B29: Las Ruinas Perdidas de Arnak | C29: 0.0395 | D29: 0.032 | E29: 0.016 | F29: 0.099
A30: 26 | B30: Pax Pamir | C30: 0.039 | D30: 0.043 | E30: 0.033 | F30: 0.025
A31: 27 | B31: El Señor de los Anillos LCG | C31: 0.0383 | D31: 0.043 | E31: 0.027 | F31: 0.037
A32: 28 | B32: Operation Overlord | C32: 0.0343 | D32: 0.048 | E32: 0.005
A33: 29 | B33: Blood on the Clocktower | C33: 0.0322 | D33: 0.032 | E33: 0.054 | F33: 0.019
A34: 30 | B34: Blood Bowl | C34: 0.0309 | D34: 0.037 | E34: 0.011 | F34: 0.037
A35: 31 | B35: Earthborne Rangers | C35: 0.0302 | D35: 0.027 | E35: 0.027 | F35: 0.043
A36: 32 | B36: Struggle of Empires | C36: 0.0301 | D36: 0.043
A37: 33 | B37: Asturias 1936-1937 | C37: 0.0301 | D37: 0.043
A38: 34 | B38: Twilight Struggle | C38: 0.0299 | D38: 0.032 | E38: 0.033 | F38: 0.019
A39: 35 | B39: Burning Banners | C39: 0.0298 | D39: 0.021 | E39: 0.043 | F39: 0.031
A40: 36 | B40: Unstoppable | C40: 0.0294 | D40: 0.021 | E40: 0.098
A41: 37 | B41: Thunderbolt | C41: 0.0276 | D41: 0.037 | E41: 0.011
A42: 38 | B42: The Russian Campaign | C42: 0.0259 | D42: 0.037
A43: 39 | B43: Dune Imperium: Uprising | C43: 0.0259 | D43: 0.037
A44: 40 | B44: Maladum | C44: 0.0259 | D44: 0.032 | E44: 0.016 | F44: 0.012
A45: 41 | B45: La Corona del Viejo Rey | C45: 0.0257 | D45: 0.005 | E45: 0.065 | F45: 0.074
A46: 42 | B46: Combat Commander | C46: 0.0256 | D46: 0.032 | E46: 0.016
A47: 43 | B47: Europa Universalis | C47: 0.0255 | D47: 0.027 | E47: 0.027
A48: 44 | B48: The Coming Wave | C48: 0.0253 | D48: 0.032 | E48: 0.016 | F48: 0.006
A49: 45 | B49: Guerra del Anillo | C49: 0.0253 | D49: 0.016 | E49: 0.049 | F49: 0.056
A50: 46 | B50: Habitats | C50: 0.0248 | D50: 0.032 | E50: 0.016
A51: 47 | B51: Fields of Fire | C51: 0.024 | D51: 0.032 | E51: 0.011
A52: 48 | B52: Star Wars Imperial Assault | C52: 0.024 | D52: 0.032 | E52: 0.011
A53: 49 | B53: Rise & Fall | C53: 0.0235 | D53: 0.016 | E53: 0.043 | F53: 0.037
A54: 50 | B54: Age of Steam | C54: 0.0233 | D54: 0.016 | E54: 0.038 | F54: 0.062
A55: 51 | B55: Space Empires 4X | C55: 0.0233 | D55: 0.021 | E55: 0.011 | F55: 0.031
A56: 52 | B56: Root | C56: 0.0227 | D56: 0.016 | E56: 0.027 | F56: 0.037
A57: 53 | B57: La Marcha de las Hormigas | C57: 0.0224 | D57: 0.032
A58: 54 | B58: Kinfire Delve | C58: 0.0224 | D58: 0.032
A59: 55 | B59: 1825 | C59: 0.0224 | D59: 0.032
A60: 56 | B60: Adamastor | C60: 0.0224 | D60: 0.027 | E60: 0.016 | F60: 0.012
A61: 57 | B61: Eila y el Brillo Misterioso | C61: 0.0213 | D61: 0.027 | E61: 0.016
A62: 58 | B62: Guerra del Anillo: El Juego de Cartas | C62: 0.021 | D62: 0.021 | E62: 0.016 | F62: 0.025
A63: 59 | B63: Concordia | C63: 0.0207 | D63: 0.021 | E63: 0.033 | F63: 0.012
A64: 60 | B64: Civolution | C64: 0.0206 | E64: 0.076 | F64: 0.074
A65: 61 | B65: Orongo | C65: 0.0197 | D65: 0.021 | E65: 0.005 | F65: 0.019
A66: 62 | B66: Julius Caesar | C66: 0.0197 | D66: 0.027 | E66: 0.005
A67: 63 | B67: Tigris & Euphrates | C67: 0.0189 | D67: 0.027
A68: 64 | B68: Frosthaven | C68: 0.0189 | D68: 0.027
A69: 65 | B69: undaunted stalingrad | C69: 0.0189 | D69: 0.027
A70: 66 | B70: Queen of spies | C70: 0.0189 | D70: 0.027
A71: 67 | B71: Marrakesh | C71: 0.0189 | D71: 0.027
A72: 68 | B72: Urban Operations | C72: 0.0189 | D72: 0.027
A73: 69 | B73: Twilight Imperium IV | C73: 0.0187 | D73: 0.016 | E73: 0.022 | F73: 0.019
A74: 70 | B74: Flip 7 | C74: 0.0184 | D74: 0.016 | E74: 0.022 | F74: 0.025
A75: 71 | B75: Vantage | C75: 0.0176 | D75: 0.021 | E75: 0.016 | F75: 0.006
A76: 72 | B76: Stationfall | C76: 0.0173 | D76: 0.011 | E76: 0.027 | F76: 0.062
A77: 73 | B77: Duelo por Cardia | C77: 0.0172 | D77: 0.021 | E77: 0.011
A78: 74 | B78: ¡Aventureros al Tren! Legacy Leyendas del Oeste | C78: 0.0171 | D78: 0.021 | E78: 0.016
A79: 75 | B79: Too Many Bones | C79: 0.0171 | D79: 0.011 | E79: 0.022 | F79: 0.049
A80: 76 | B80: Final Girl | C80: 0.0163 | D80: 0.016 | E80: 0.027 | F80: 0.012
A81: 77 | B81: Barrage | C81: 0.0162 | D81: 0.016 | E81: 0.022 | F81: 0.019
A82: 78 | B82: Brass Birmingham | C82: 0.0159 | D82: 0.011 | E82: 0.016 | F82: 0.037
A83: 79 | B83: After the Virus | C83: 0.0157 | D83: 0.011 | E83: 0.005 | F83: 0.043
A84: 80 | B84: Crucero Galáctico | C84: 0.015 | E84: 0.065 | F84: 0.012
A85: 81 | B85: Metal Gear Solid | C85: 0.0147 | E85: 0.033 | F85: 0.099
A86: 82 | B86: Harmonies | C86: 0.0147 | D86: 0.021
A87: 83 | B87: 1825: Unit 2 | C87: 0.0147 | D87: 0.021
A88: 84 | B88: Through the Desert | C88: 0.0147 | D88: 0.021
A89: 85 | B89: Catan | C89: 0.0147 | D89: 0.016 | E89: 0.016 | F89: 0.012
A90: 86 | B90: Pax Renaissance | C90: 0.0146 | D90: 0.011 | E90: 0.022 | F90: 0.012
A91: 87 | B91: Eldritch Horror | C91: 0.0146 | D91: 0.016 | E91: 0.011 | F91: 0.019
A92: 88 | B92: Castillos de Borgoña | C92: 0.0144 | D92: 0.011 | E92: 0.033 | F92: 0.019
A93: 89 | B93: Star Trek: Captain's Chair | C93: 0.0137 | D93: 0.016 | E93: 0.005 | F93: 0.019
A94: 90 | B94: John Company 2ª edición | C94: 0.0136 | D94: 0.016 | E94: 0.016
A95: 91 | B95: Magical Athlethe | C95: 0.0136 | D95: 0.016 | E95: 0.016
A96: 92 | B96: Pursuit of Glory | C96: 0.0136 | D96: 0.016 | E96: 0.016
A97: 93 | B97: Washington's War | C97: 0.0136 | D97: 0.016 | E97: 0.016
A98: 94 | B98: Castle Combo | C98: 0.0134 | D98: 0.016 | E98: 0.011 | F98: 0.006
A99: 95 | B99: Great Western Trail | C99: 0.0129 | D99: 0.011 | E99: 0.011 | F99: 0.012
A100: 96 | B100: Echoes of Emperors | C100: 0.0129 | D100: 0.016 | E100: 0.011
A101: 97 | B101: Kingdoms forlorn | C101: 0.0129 | D101: 0.016 | E101: 0.011
...

Sheet Ranking Junio 2026
A1: RANKING MENSUAL — JUNIO 2026
A2: Votantes: | B2: 187 | D2: Juegos distintos: | E2: 335 | G2: Puntos totales: | H2: 1100
A4: Pos | B4: Juego | C4: Pts | D4: Norm. | E4: Nº1 | F4: Nº2 | G4: Nº3 | H4: Votos | I4: Var.
A5: 1 | B5: Cthulhu Dark Providence | C5: 37 | D5: 0.198 | E5: 9 | F5: 4 | G5: 2 | H5: 15 | I5: +3
A6: 2 | B6: The Elder Scrolls: La Traición de la Segunda Era | C6: 36 | D6: 0.193 | E6: 9 | F6: 3 | G6: 3 | H6: 15 | I6: -1
A7: 3 | B7: D-Day at Omaha Beach | C7: 23 | D7: 0.123 | E7: 4 | F7: 4 | G7: 3 | H7: 11 | I7: -1
A8: 4 | B8: El Señor de los Anillos: El Destino de la Comunidad | C8: 19 | D8: 0.102 | E8: 4 | F8: 3 | G8: 1 | H8: 8 | I8: -1
A9: 5 | B9: Nemesis Retaliation | C9: 19 | D9: 0.102 | E9: 3 | F9: 3 | G9: 4 | H9: 10 | I9: +7
A10: 6 | B10: Rebirth | C10: 15 | D10: 0.08 | E10: 3 | F10: 2 | G10: 2 | H10: 7 | I10: NEW
A11: 7 | B11: Arcs | C11: 15 | D11: 0.08 | E11: 3 | F11: 3 | G11: 0 | H11: 6 | I11: +2
A12: 8 | B12: SETI | C12: 14 | D12: 0.075 | E12: 3 | F12: 2 | G12: 1 | H12: 6 | I12: +8
A13: 9 | B13: Arkham Horror LCG | C13: 14 | D13: 0.075 | E13: 2 | F13: 3 | G13: 2 | H13: 7 | I13: -1
A14: 10 | B14: Ace of Spades | C14: 13 | D14: 0.07 | E14: 2 | F14: 2 | G14: 3 | H14: 7 | I14: -5
A15: 11 | B15: Spirit Island | C15: 13 | D15: 0.07 | E15: 1 | F15: 4 | G15: 2 | H15: 7 | I15: +302
A16: 12 | B16: Container | C16: 12 | D16: 0.064 | E16: 4 | F16: 0 | G16: 0 | H16: 4 | I16: +70
... A339: 335 | B339: wits and wagers | C339: 1 | D339: 0.005 | E339: 0 | F339: 0 | G339: 1 | H339: 1 | I339: NEW

Sheet Histórico 2026
A1: HISTÓRICO NORMALIZADO + POWER RANKING — 2026
A2: Pts normalizados por mes | Power Ranking = 0,7×actual + 0,3×(0,5×m-1 + 0,3×m-2 + 0,2×m-3) | Acumulado 2026 = suma anual
A4: Juego | B4: Ene | C4: Feb | D4: Mar | E4: Abr | F4: May | G4: Jun | H4: Jul | I4: Ago | J4: Sep | K4: Oct | L4: Nov | M4: Dic | N4: POWER | O4: ACUMULADO 2026 | P4: Meses
A5: Votantes | C5: 44 | D5: 72 | E5: 162 | F5: 184 | G5: 187 | H5: 170 | I5: 181
A6: The Elder Scrolls: La Traición de la Segunda Era | D6: 0.083 | E6: 0.346 | F6: 0.272 | G6: 0.193 | H6: 0.159 | I6: 0.227 | N6: =0.7*IF(I6="",0,I6)+0.3*(0.5*IF(H6="",0,H6)+0.3*IF(G6="",0,G6)+0.2*IF(F6="",0,F6)) | O6: =SUM(B6:M6) | P6: =COUNTA(B6:M6)
A7: Arkham Horror LCG | C7: 0.25 | D7: 0.167 | E7: 0.173 | F7: 0.092 | G7: 0.075 | H7: 0.1 | I7: 0.144 | N7: =0.7*IF(I7="",0,I7)+0.3*(0.5*IF(H7="",0,H7)+0.3*IF(G7="",0,G7)+0.2*IF(F7="",0,F7)) | O7: =SUM(B7:M7) | P7: =COUNTA(B7:M7)
A8: D-Day at Omaha Beach | C8: 0.409 | D8: 0.167 | E8: 0.062 | F8: 0.12 | G8: 0.123 | H8: 0.094 | I8: 0.127 | N8: =0.7*IF(I8="",0,I8)+0.3*(0.5*IF(H8="",0,H8)+0.3*IF(G8="",0,G8)+0.2*IF(F8="",0,F8)) | O8: =SUM(B8:M8) | P8: =COUNTA(B8:M8)
A9: Nippon: Zaibatsu | D9: 0.028 | E9: 0.043 | F9: 0.065 | G9: 0.059 | H9: 0.1 | I9: 0.116 | N9: =0.7*IF(I9="",0,I9)+0.3*(0.5*IF(H9="",0,H9)+0.3*IF(G9="",0,G9)+0.2*IF(F9="",0,F9)) | O9: =SUM(B9:M9) | P9: =COUNTA(B9:M9)
A10: El Señor de los Anillos: El Destino de la Comunidad | E10: 0.012 | F10: 0.12 | G10: 0.102 | H10: 0.129 | I10: 0.099 | N10: =0.7*IF(I10="",0,I10)+0.3*(0.5*IF(H10="",0,H10)+0.3*IF(G10="",0,G10)+0.2*IF(F10="",0,F10)) | O10: =SUM(B10:M10) | P10: =COUNTA(B10:M10)
A11: Marvel Champions | C11: 0.068 | D11: 0.083 | E11: 0.049 | F11: 0.038 | G11: 0.064 | H11: 0.1 | I11: 0.094 | N11: =0.7*IF(I11="",0,I11)+0.3*(0.5*IF(H11="",0,H11)+0.3*IF(G11="",0,G11)+0.2*IF(F11="",0,F11)) | O11: =SUM(B11:M11) | P11: =COUNTA(B11:M11)
A12: Yo, Napoleón | H12: 0.018 | I12: 0.122 | N12: =0.7*IF(I12="",0,I12)+0.3*(0.5*IF(H12="",0,H12)+0.3*IF(G12="",0,G12)+0.2*IF(F12="",0,F12)) | O12: =SUM(B12:M12) | P12: =COUNTA(B12:M12)
A13: Ark Nova | C13: 0.114 | D13: 0.028 | E13: 0.086 | F13: 0.071 | G13: 0.053 | H13: 0.071 | I13: 0.077 | N13: =0.7*IF(I13="",0,I13)+0.3*(0.5*IF(H13="",0,H13)+0.3*IF(G13="",0,G13)+0.2*IF(F13="",0,F13)) | O13: =SUM(B13:M13) | P13: =COUNTA(B13:M13)
A14: Fields of Fire | F14: 0.011 | G14: 0.032 | H14: 0.018 | I14: 0.094 | N14: =0.7*IF(I14="",0,I14)+0.3*(0.5*IF(H14="",0,H14)+0.3*IF(G14="",0,G14)+0.2*IF(F14="",0,F14)) | O14: =SUM(B14:M14) | P14: =COUNTA(B14:M14)
A15: Arcs | C15: 0.205 | D15: 0.014 | E15: 0.074 | F15: 0.082 | G15: 0.08 | H15: 0.071 | I15: 0.066 | N15: =0.7*IF(I15="",0,I15)+0.3*(0.5*IF(H15="",0,H15)+0.3*IF(G15="",0,G15)+0.2*IF(F15="",0,F15)) | O15: =SUM(B15:M15) | P15: =COUNTA(B15:M15)
A16: Container | F16: 0.016 | G16: 0.064 | H16: 0.041 | I16: 0.077 | N16: =0.7*IF(I16="",0,I16)+0.3*(0.5*IF(H16="",0,H16)+0.3*IF(G16="",0,G16)+0.2*IF(F16="",0,F16)) | O16: =SUM(B16:M16) | P16: =COUNTA(B16:M16)
A17: Cthulhu Dark Providence | E17: 0.031 | F17: 0.114 | G17: 0.198 | H17: 0.041 | I17: 0.044 | N17: =0.7*IF(I17="",0,I17)+0.3*(0.5*IF(H17="",0,H17)+0.3*IF(G17="",0,G17)+0.2*IF(F17="",0,F17)) | O17: =SUM(B17:M17) | P17: =COUNTA(B17:M17)
A18: Vantage | C18: 0.045 | E18: 0.006 | F18: 0.016 | G18: 0.021 | H18: 0.071 | I18: 0.066 | N18: =0.7*IF(I18="",0,I18)+0.3*(0.5*IF(H18="",0,H18)+0.3*IF(G18="",0,G18)+0.2*IF(F18="",0,F18)) | O18: =SUM(B18:M18) | P18: =COUNTA(B18:M18)
A19: Voidfall | C19: 0.068 | D19: 0.083 | E19: 0.049 | F19: 0.103 | G19: 0.053 | H19: 0.047 | I19: 0.055 | N19: =0.7*IF(I19="",0,I19)+0.3*(0.5*IF(H19="",0,H19)+0.3*IF(G19="",0,G19)+0.2*IF(F19="",0,F19)) | O19: =SUM(B19:M19) | P19: =COUNTA(B19:M19)
A20: Nemesis Retaliation | D20: 0.028 | E20: 0.123 | F20: 0.071 | G20: 0.102 | H20: 0.047 | I20: 0.05 | N20: =0.7*IF(I20="",0,I20)+0.3*(0.5*IF(H20="",0,H20)+0.3*IF(G20="",0,G20)+0.2*IF(F20="",0,F20)) | O20: =SUM(B20:M20) | P20: =COUNTA(B20:M20)
A21: SETI | C21: 0.159 | D21: 0.167 | E21: 0.074 | F21: 0.065 | G21: 0.075 | H21: 0.053 | I21: 0.05 | N21: =0.7*IF(I21="",0,I21)+0.3*(0.5*IF(H21="",0,H21)+0.3*IF(G21="",0,G21)+0.2*IF(F21="",0,F21)) | O21: =SUM(B21:M21) | P21: =COUNTA(B21:M21)
A22: Guerra del Anillo | D22: 0.028 | E22: 0.056 | F22: 0.049 | G22: 0.016 | H22: 0.071 | I22: 0.055 | N22: =0.7*IF(I22="",0,I22)+0.3*(0.5*IF(H22="",0,H22)+0.3*IF(G22="",0,G22)+0.2*IF(F22="",0,F22)) | O22: =SUM(B22:M22) | P22: =COUNTA(B22:M22)
A23: Thunderbolt: Deluxe Edition | F23: 0.011 | G23: 0.042 | H23: 0.035 | I23: 0.05 | N23: =0.7*IF(I23="",0,I23)+0.3*(0.5*IF(H23="",0,H23)+0.3*IF(G23="",0,G23)+0.2*IF(F23="",0,F23)) | O23: =SUM(B23:M23) | P23: =COUNTA(B23:M23)
A24: Rebirth | G24: 0.08 | H24: 0.082 | I24: 0.033 | N24: =0.7*IF(I24="",0,I24)+0.3*(0.5*IF(H24="",0,H24)+0.3*IF(G24="",0,G24)+0.2*IF(F24="",0,F24)) | O24: =SUM(B24:M24) | P24: =COUNTA(B24:M24)
A25: Cuius Regio | E25: 0.006 | H25: 0.065 | I25: 0.044 | N25: =0.7*IF(I25="",0,I25)+0.3*(0.5*IF(H25="",0,H25)+0.3*IF(G25="",0,G25)+0.2*IF(F25="",0,F25)) | O25: =SUM(B25:M25) | P25: =COUNTA(B25:M25)
A26: Innovation | F26: 0.005 | G26: 0.016 | H26: 0.041 | I26: 0.044 | N26: =0.7*IF(I26="",0,I26)+0.3*(0.5*IF(H26="",0,H26)+0.3*IF(G26="",0,G26)+0.2*IF(F26="",0,F26)) | O26: =SUM(B26:M26) | P26: =COUNTA(B26:M26)
A27: The Coming Wave | E27: 0.006 | F27: 0.016 | G27: 0.032 | H27: 0.018 | I27: 0.044 | N27: =0.7*IF(I27="",0,I27)+0.3*(0.5*IF(H27="",0,H27)+0.3*IF(G27="",0,G27)+0.2*IF(F27="",0,F27)) | O27: =SUM(B27:M27) | P27: =COUNTA(B27:M27)
A28: High Frontier | F28: 0.005 | H28: 0.024 | I28: 0.044 | N28: =0.7*IF(I28="",0,I28)+0.3*(0.5*IF(H28="",0,H28)+0.3*IF(G28="",0,G28)+0.2*IF(F28="",0,F28)) | O28: =SUM(B28:M28) | P28: =COUNTA(B28:M28)
A29: Earthborne Rangers | C29: 0.068 | D29: 0.056 | E29: 0.043 | F29: 0.027 | G29: 0.027 | H29: 0.018 | I29: 0.039 | N29: =0.7*IF(I29="",0,I29)+0.3*(0.5*IF(H29="",0,H29)+0.3*IF(G29="",0,G29)+0.2*IF(F29="",0,F29)) | O29: =SUM(B29:M29) | P29: =COUNTA(B29:M29)
A30: Spirit Island | C30: 0.045 | D30: 0.056 | E30: 0.025 | F30: 0.005 | G30: 0.07 | H30: 0.029 | I30: 0.033 | N30: =0.7*IF(I30="",0,I30)+0.3*(0.5*IF(H30="",0,H30)+0.3*IF(G30="",0,G30)+0.2*IF(F30="",0,F30)) | O30: =SUM(B30:M30) | P30: =COUNTA(B30:M30)
A31: Guerra del Anillo: El Juego de Cartas | C31: 0.023 | D31: 0.028 | E31: 0.025 | F31: 0.016 | G31: 0.021 | H31: 0.018 | I31: 0.039 | N31: =0.7*IF(I31="",0,I31)+0.3*(0.5*IF(H31="",0,H31)+0.3*IF(G31="",0,G31)+0.2*IF(F31="",0,F31)) | O31: =SUM(B31:M31) | P31: =COUNTA(B31:M31)
A32: Star Wars Imperial Assault | C32: 0.023 | D32: 0.014 | E32: 0.019 | F32: 0.011 | G32: 0.032 | H32: 0.012 | I32: 0.039 | N32: =0.7*IF(I32="",0,I32)+0.3*(0.5*IF(H32="",0,H32)+0.3*IF(G32="",0,G32)+0.2*IF(F32="",0,F32)) | O32: =SUM(B32:M32) | P32: =COUNTA(B32:M32)
A33: Burning Banners | C33: 0.045 | D33: 0.097 | E33: 0.031 | F33: 0.043 | G33: 0.021 | H33: 0.029 | I33: 0.033 | N33: =0.7*IF(I33="",0,I33)+0.3*(0.5*IF(H33="",0,H33)+0.3*IF(G33="",0,G33)+0.2*IF(F33="",0,F33)) | O33: =SUM(B33:M33) | P33: =COUNTA(B33:M33)
A34: Blood on the Clocktower | E34: 0.019 | F34: 0.054 | G34: 0.032 | H34: 0.041 | I34: 0.028 | N34: =0.7*IF(I34="",0,I34)+0.3*(0.5*IF(H34="",0,H34)+0.3*IF(G34="",0,G34)+0.2*IF(F34="",0,F34)) | O34: =SUM(B34:M34) | P34: =COUNTA(B34:M34)
A35: Imperial Struggle | E35: 0.031 | G35: 0.011 | I35: 0.044 | N35: =0.7*IF(I35="",0,I35)+0.3*(0.5*IF(H35="",0,H35)+0.3*IF(G35="",0,G35)+0.2*IF(F35="",0,F35)) | O35: =SUM(B35:M35) | P35: =COUNTA(B35:M35)
A36: Rise & Fall | D36: 0.042 | E36: 0.037 | F36: 0.043 | G36: 0.016 | H36: 0.053 | I36: 0.028 | N36: =0.7*IF(I36="",0,I36)+0.3*(0.5*IF(H36="",0,H36)+0.3*IF(G36="",0,G36)+0.2*IF(F36="",0,F36)) | O36: =SUM(B36:M36) | P36: =COUNTA(B36:M36)
A37: Galactic Cruise | I37: 0.044 | N37: =0.7*IF(I37="",0,I37)+0.3*(0.5*IF(H37="",0,H37)+0.3*IF(G37="",0,G37)+0.2*IF(F37="",0,F37)) | O37: =SUM(B37:M37) | P37: =COUNTA(B37:M37)
A38: Cruzada y Revolución | E38: 0.012 | G38: 0.011 | H38: 0.012 | I38: 0.039 | N38: =0.7*IF(I38="",0,I38)+0.3*(0.5*IF(H38="",0,H38)+0.3*IF(G38="",0,G38)+0.2*IF(F38="",0,F38)) | O38: =SUM(B38:M38) | P38: =COUNTA(B38:M38)
A39: Reforest | F39: 0.043 | G39: 0.059 | H39: 0.065 | I39: 0.017 | N39: =0.7*IF(I39="",0,I39)+0.3*(0.5*IF(H39="",0,H39)+0.3*IF(G39="",0,G39)+0.2*IF(F39="",0,F39)) | O39: =SUM(B39:M39) | P39: =COUNTA(B39:M39)
A40: Through the Desert | G40: 0.021 | H40: 0.018 | I40: 0.033 | N40: =0.7*IF(I40="",0,I40)+0.3*(0.5*IF(H40="",0,H40)+0.3*IF(G40="",0,G40)+0.2*IF(F40="",0,F40)) | O40: =SUM(B40:M40) | P40: =COUNTA(B40:M40)
A41: Pax Pamir | D41: 0.028 | E41: 0.025 | F41: 0.033 | G41: 0.043 | H41: 0.012 | I41: 0.028 | N41: =0.7*IF(I41="",0,I41)+0.3*(0.5*IF(H41="",0,H41)+0.3*IF(G41="",0,G41)+0.2*IF(F41="",0,F41)) | O41: =SUM(B41:M41) | P41: =COUNTA(B41:M41)
A42: Bajo las hojas | F42: 0.005 | G42: 0.011 | H42: 0.018 | I42: 0.033 | N42: =0.7*IF(I42="",0,I42)+0.3*(0.5*IF(H42="",0,H42)+0.3*IF(G42="",0,G42)+0.2*IF(F42="",0,F42)) | O42: =SUM(B42:M42) | P42: =COUNTA(B42:M42)
A43: El grande | F43: 0.005 | G43: 0.011 | H43: 0.018 | I43: 0.033 | N43: =0.7*IF(I43="",0,I43)+0.3*(0.5*IF(H43="",0,H43)+0.3*IF(G43="",0,G43)+0.2*IF(F43="",0,F43)) | O43: =SUM(B43:M43) | P43: =COUNTA(B43:M43)
A44: Castle Combo | E44: 0.006 | F44: 0.011 | G44: 0.016 | H44: 0.012 | I44: 0.033 | N44: =0.7*IF(I44="",0,I44)+0.3*(0.5*IF(H44="",0,H44)+0.3*IF(G44="",0,G44)+0.2*IF(F44="",0,F44)) | O44: =SUM(B44:M44) | P44: =COUNTA(B44:M44)
A45: Weimar: La Lucha por la Democracia | E45: 0.031 | F45: 0.016 | H45: 0.018 | I45: 0.033 | N45: =0.7*IF(I45="",0,I45)+0.3*(0.5*IF(H45="",0,H45)+0.3*IF(G45="",0,G45)+0.2*IF(F45="",0,F45)) | O45: =SUM(B45:M45) | P45: =COUNTA(B45:M45)
A46: Revenant | H46: 0.024 | I46: 0.033 | N46: =0.7*IF(I46="",0,I46)+0.3*(0.5*IF(H46="",0,H46)+0.3*IF(G46="",0,G46)+0.2*IF(F46="",0,F46)) | O46: =SUM(B46:M46) | P46: =COUNTA(B46:M46)
A47: Blitz Bowl | E47: 0.019 | G47: 0.011 | H47: 0.012 | I47: 0.033 | N47: =0.7*IF(I47="",0,I47)+0.3*(0.5*IF(H47="",0,H47)+0.3*IF(G47="",0,G47)+0.2*IF(F47="",0,F47)) | O47: =SUM(B47:M47) | P47: =COUNTA(B47:M47)
A48: Urban Operations | G48: 0.027 | I48: 0.033 | N48: =0.7*IF(I48="",0,I48)+0.3*(0.5*IF(H48="",0,H48)+0.3*IF(G48="",0,G48)+0.2*IF(F48="",0,F48)) | O48: =SUM(B48:M48) | P48: =COUNTA(B48:M48)
A49: Dune: Imperium – Uprising | F49: 0.016 | G49: 0.037 | H49: 0.035 | I49: 0.022 | N49: =0.7*IF(I49="",0,I49)+0.3*(0.5*IF(H49="",0,H49)+0.3*IF(G49="",0,G49)+0.2*IF(F49="",0,F49)) | O49: =SUM(B49:M49) | P49: =COUNTA(B49:M49)
A50: Star Trek: Captain's Chair | C50: 0.023 | E50: 0.019 | F50: 0.005 | G50: 0.016 | I50: 0.033 | N50: =0.7*IF(I50="",0,I50)+0.3*(0.5*IF(H50="",0,H50)+0.3*IF(G50="",0,G50)+0.2*IF(F50="",0,F50)) | O50: =SUM(B50:M50) | P50: =COUNTA(B50:M50)
A51: Trickerion | D51: 0.069 | E51: 0.019 | F51: 0.005 | G51: 0.005 | I51: 0.033 | N51: =0.7*IF(I51="",0,I51)+0.3*(0.5*IF(H51="",0,H51)+0.3*IF(G51="",0,G51)+0.2*IF(F51="",0,F51)) | O51: =SUM(B51:M51) | P51: =COUNTA(B51:M51)
A52: Root | C52: 0.068 | D52: 0.069 | E52: 0.037 | F52: 0.027 | G52: 0.016 | H52: 0.035 | I52: 0.022 | N52: =0.7*IF(I52="",0,I52)+0.3*(0.5*IF(H52="",0,H52)+0.3*IF(G52="",0,G52)+0.2*IF(F52="",0,F52)) | O52: =SUM(B52:M52) | P52: =COUNTA(B52:M52)
A53: Europa Universalis | C53: 0.068 | D53: 0.042 | F53: 0.027 | G53: 0.027 | I53: 0.028 | N53: =0.7*IF(I53="",0,I53)+0.3*(0.5*IF(H53="",0,H53)+0.3*IF(G53="",0,G53)+0.2*IF(F53="",0,F53)) | O53: =SUM(B53:M53) | P53: =COUNTA(B53:M53)
A54: Combat Commander | C54: 0.023 | D54: 0.014 | F54: 0.016 | G54: 0.032 | I54: 0.028 | N54: =0.7*IF(I54="",0,I54)+0.3*(0.5*IF(H54="",0,H54)+0.3*IF(G54="",0,G54)+0.2*IF(F54="",0,F54)) | O54: =SUM(B54:M54) | P54: =COUNTA(B54:M54)
A55: Age of Steam | C55: 0.182 | D55: 0.014 | E55: 0.062 | F55: 0.038 | G55: 0.016 | I55: 0.028 | N55: =0.7*IF(I55="",0,I55)+0.3*(0.5*IF(H55="",0,H55)+0.3*IF(G55="",0,G55)+0.2*IF(F55="",0,F55)) | O55: =SUM(B55:M55) | P55: =COUNTA(B55:M55)
A56: Terraforming Mars | C56: 0.068 | D56: 0.069 | E56: 0.012 | F56: 0.038 | G56: 0.053 | H56: 0.029 | I56: 0.017 | N56: =0.7*IF(I56="",0,I56)+0.3*(0.5*IF(H56="",0,H56)+0.3*IF(G56="",0,G56)+0.2*IF(F56="",0,F56)) | O56: =SUM(B56:M56) | P56: =COUNTA(B56:M56)
A57: Criaturas Maravillosas | E57: 0.025 | F57: 0.043 | G57: 0.048 | H57: 0.006 | I57: 0.022 | N57: =0.7*IF(I57="",0,I57)+0.3*(0.5*IF(H57="",0,H57)+0.3*IF(G57="",0,G57)+0.2*IF(F57="",0,F57)) | O57: =SUM(B57:M57) | P57: =COUNTA(B57:M57)
A58: Vampire: The Eternal Struggle | E58: 0.346 | F58: 0.011 | G58: 0.059 | H58: 0.082 | I58: 0.006 | N58: =0.7*IF(I58="",0,I58)+0.3*(0.5*IF(H58="",0,H58)+0.3*IF(G58="",0,G58)+0.2*IF(F58="",0,F58)) | O58: =SUM(B58:M58) | P58: =COUNTA(B58:M58)
A59: Las Ruinas Perdidas de Arnak | D59: 0.097 | E59: 0.099 | F59: 0.016 | G59: 0.032 | H59: 0.041 | I59: 0.017 | N59: =0.7*IF(I59="",0,I59)+0.3*(0.5*IF(H59="",0,H59)+0.3*IF(G59="",0,G59)+0.2*IF(F59="",0,F59)) | O59: =SUM(B59:M59) | P59: =COUNTA(B59:M59)
A60: Race for the Galaxy | C60: 0.023 | E60: 0.006 | F60: 0.033 | H60: 0.053 | I60: 0.017 | N60: =0.7*IF(I60="",0,I60)+0.3*(0.5*IF(H60="",0,H60)+0.3*IF(G60="",0,G60)+0.2*IF(F60="",0,F60)) | O60: =SUM(B60:M60) | P60: =COUNTA(B60:M60)
A61: Speakeasy | C61: 0.045 | D61: 0.139 | E61: 0.08 | F61: 0.054 | G61: 0.048 | H61: 0.041 | I61: 0.011 | N61: =0.7*IF(I61="",0,I61)+0.3*(0.5*IF(H61="",0,H61)+0.3*IF(G61="",0,G61)+0.2*IF(F61="",0,F61)) | O61: =SUM(B61:M61) | P61: =COUNTA(B61:M61)
A62: Tainted Grail | G62: 0.005 | H62: 0.006 | I62: 0.028 | N62: =0.7*IF(I62="",0,I62)+0.3*(0.5*IF(H62="",0,H62)+0.3*IF(G62="",0,G62)+0.2*IF(F62="",0,F62)) | O62: =SUM(B62:M62) | P62: =COUNTA(B62:M62)
A63: Brass Birmingham | C63: 0.114 | D63: 0.042 | E63: 0.037 | F63: 0.016 | G63: 0.011 | H63: 0.024 | I63: 0.022 | N63: =0.7*IF(I63="",0,I63)+0.3*(0.5*IF(H63="",0,H63)+0.3*IF(G63="",0,G63)+0.2*IF(F63="",0,F63)) | O63: =SUM(B63:M63) | P63: =COUNTA(B63:M63)
A64: HeroQuest | E64: 0.006 | F64: 0.005 | G64: 0.011 | I64: 0.028 | N64: =0.7*IF(I64="",0,I64)+0.3*(0.5*IF(H64="",0,H64)+0.3*IF(G64="",0,G64)+0.2*IF(F64="",0,F64)) | O64: =SUM(B64:M64) | P64: =COUNTA(B64:M64)
A65: Pax Renaissance | D65: 0.042 | E65: 0.012 | F65: 0.022 | G65: 0.011 | H65: 0.018 | I65: 0.022 | N65: =0.7*IF(I65="",0,I65)+0.3*(0.5*IF(H65="",0,H65)+0.3*IF(G65="",0,G65)+0.2*IF(F65="",0,F65)) | O65: =SUM(B65:M65) | P65: =COUNTA(B65:M65)
A66: Civolution | C66: 0.068 | D66: 0.042 | E66: 0.074 | F66: 0.076 | H66: 0.024 | I66: 0.017 | N66: =0.7*IF(I66="",0,I66)+0.3*(0.5*IF(H66="",0,H66)+0.3*IF(G66="",0,G66)+0.2*IF(F66="",0,F66)) | O66: =SUM(B66:M66) | P66: =COUNTA(B66:M66)
A67: The Glasgow Train Robbery | H67: 0.029 | I67: 0.022 | N67: =0.7*IF(I67="",0,I67)+0.3*(0.5*IF(H67="",0,H67)+0.3*IF(G67="",0,G67)+0.2*IF(F67="",0,F67)) | O67: =SUM(B67:M67) | P67: =COUNTA(B67:M67)
A68: Skara Brae | I68: 0.028 | N68: =0.7*IF(I68="",0,I68)+0.3*(0.5*IF(H68="",0,H68)+0.3*IF(G68="",0,G68)+0.2*IF(F68="",0,F68)) | O68: =SUM(B68:M68) | P68: =COUNTA(B68:M68)
A69: Dune (1979) | E69: 0.019 | F69: 0.022 | H69: 0.018 | I69: 0.022 | N69: =0.7*IF(I69="",0,I69)+0.3*(0.5*IF(H69="",0,H69)+0.3*IF(G69="",0,G69)+0.2*IF(F69="",0,F69)) | O69: =SUM(B69:M69) | P69: =COUNTA(B69:M69)
A70: Ace of Spades | F70: 0.114 | G70: 0.07 | H70: 0.041 | N70: =0.7*IF(I70="",0,I70)+0.3*(0.5*IF(H70="",0,H70)+0.3*IF(G70="",0,G70)+0.2*IF(F70="",0,F70)) | O70: =SUM(B70:M70) | P70: =COUNTA(B70:M70)
A71: For the People | E71: 0.006 | H71: 0.024 | I71: 0.022 | N71: =0.7*IF(I71="",0,I71)+0.3*(0.5*IF(H71="",0,H71)+0.3*IF(G71="",0,G71)+0.2*IF(F71="",0,F71)) | O71: =SUM(B71:M71) | P71: =COUNTA(B71:M71)
A72: Blood Bowl | E72: 0.037 | F72: 0.011 | G72: 0.037 | H72: 0.018 | I72: 0.017 | N72: =0.7*IF(I72="",0,I72)+0.3*(0.5*IF(H72="",0,H72)+0.3*IF(G72="",0,G72)+0.2*IF(F72="",0,F72)) | O72: =SUM(B72:M72) | P72: =COUNTA(B72:M72)
A73: Barrage | C73: 0.023 | E73: 0.019 | F73: 0.022 | G73: 0.016 | I73: 0.022 | N73: =0.7*IF(I73="",0,I73)+0.3*(0.5*IF(H73="",0,H73)+0.3*IF(G73="",0,G73)+0.2*IF(F73="",0,F73)) | O73: =SUM(B73:M73) | P73: =COUNTA(B73:M73)
A74: Arydia | E74: 0.019 | F74: 0.011 | H74: 0.012 | I74: 0.022 | N74: =0.7*IF(I74="",0,I74)+0.3*(0.5*IF(H74="",0,H74)+0.3*IF(G74="",0,G74)+0.2*IF(F74="",0,F74)) | O74: =SUM(B74:M74) | P74: =COUNTA(B74:M74)
A75: The russian campaign | F75: 0.011 | H75: 0.012 | I75: 0.022 | N75: =0.7*IF(I75="",0,I75)+0.3*(0.5*IF(H75="",0,H75)+0.3*IF(G75="",0,G75)+0.2*IF(F75="",0,F75)) | O75: =SUM(B75:M75) | P75: =COUNTA(B75:M75)
A76: Catacombs | F76: 0.011 | H76: 0.035 | I76: 0.017 | N76: =0.7*IF(I76="",0,I76)+0.3*(0.5*IF(H76="",0,H76)+0.3*IF(G76="",0,G76)+0.2*IF(F76="",0,F76)) | O76: =SUM(B76:M76) | P76: =COUNTA(B76:M76)
A77: Maladum | E77: 0.012 | F77: 0.016 | G77: 0.032 | H77: 0.041 | I77: 0.011 | N77: =0.7*IF(I77="",0,I77)+0.3*(0.5*IF(H77="",0,H77)+0.3*IF(G77="",0,G77)+0.2*IF(F77="",0,F77)) | O77: =SUM(B77:M77) | P77: =COUNTA(B77:M77)
A78: Heat | E78: 0.037 | F78: 0.049 | H78: 0.018 | I78: 0.017 | N78: =0.7*IF(I78="",0,I78)+0.3*(0.5*IF(H78="",0,H78)+0.3*IF(G78="",0,G78)+0.2*IF(F78="",0,F78)) | O78: =SUM(B78:M78) | P78: =COUNTA(B78:M78)
A79: Hansa Teutónica | F79: 0.022 | G79: 0.005 | I79: 0.022 | N79: =0.7*IF(I79="",0,I79)+0.3*(0.5*IF(H79="",0,H79)+0.3*IF(G79="",0,G79)+0.2*IF(F79="",0,F79)) | O79: =SUM(B79:M79) | P79: =COUNTA(B79:M79)
A80: Blood Bowl Team Manager | G80: 0.016 | H80: 0.024 | I80: 0.017 | N80: =0.7*IF(I80="",0,I80)+0.3*(0.5*IF(H80="",0,H80)+0.3*IF(G80="",0,G80)+0.2*IF(F80="",0,F80)) | O80: =SUM(B80:M80) | P80: =COUNTA(B80:M80)
A81: Holland 44 | D81: 0.042 | E81: 0.012 | G81: 0.016 | I81: 0.022 | N81: =0.7*IF(I81="",0,I81)+0.3*(0.5*IF(H81="",0,H81)+0.3*IF(G81="",0,G81)+0.2*IF(F81="",0,F81)) | O81: =SUM(B81:M81) | P81: =COUNTA(B81:M81)
A82: El Señor de los Anillos LCG | C82: 0.045 | D82: 0.014 | E82: 0.037 | F82: 0.027 | G82: 0.043 | H82: 0.047 | I82: 0.006 | N82: =0.7*IF(I82="",0,I82)+0.3*(0.5*IF(H82="",0,H82)+0.3*IF(G82="",0,G82)+0.2*IF(F82="",0,F82)) | O82: =SUM(B82:M82) | P82: =COUNTA(B82:M82)
A83: After the Virus | C83: 0.045 | D83: 0.056 | E83: 0.043 | F83: 0.005 | G83: 0.011 | I83: 0.022 | N83: =0.7*IF(I83="",0,I83)+0.3*(0.5*IF(H83="",0,H83)+0.3*IF(G83="",0,G83)+0.2*IF(F83="",0,F83)) | O83: =SUM(B83:M83) | P83: =COUNTA(B83:M83)
A84: Star Wars Rebellion | C84: 0.023 | D84: 0.028 | E84: 0.025 | F84: 0.011 | G84: 0.005 | I84: 0.022 | N84: =0.7*IF(I84="",0,I84)+0.3*(0.5*IF(H84="",0,H84)+0.3*IF(G84="",0,G84)+0.2*IF(F84="",0,F84)) | O84: =SUM(B84:M84) | P84: =COUNTA(B84:M84)
A85: Brass Lancashire | D85: 0.056 | E85: 0.025 | F85: 0.016 | H85: 0.024 | I85: 0.017 | N85: =0.7*IF(I85="",0,I85)+0.3*(0.5*IF(H85="",0,H85)+0.3*IF(G85="",0,G85)+0.2*IF(F85="",0,F85)) | O85: =SUM(B85:M85) | P85: =COUNTA(B85:M85)
A86: Gloomhaven: Fauces del León | H86: 0.006 | I86: 0.022 | N86: =0.7*IF(I86="",0,I86)+0.3*(0.5*IF(H86="",0,H86)+0.3*IF(G86="",0,G86)+0.2*IF(F86="",0,F86)) | O86: =SUM(B86:M86) | P86: =COUNTA(B86:M86)
A87: Ostia | H87: 0.006 | I87: 0.022 | N87: =0.7*IF(I87="",0,I87)+0.3*(0.5*IF(H87="",0,H87)+0.3*IF(G87="",0,G87)+0.2*IF(F87="",0,F87)) | O87: =SUM(B87:M87) | P87: =COUNTA(B87:M87)
A88: Dragon Ball Deckbuilding Game (fanmade) | G88: 0.016 | H88: 0.047 | I88: 0.011 | N88: =0.7*IF(I88="",0,I88)+0.3*(0.5*IF(H88="",0,H88)+0.3*IF(G88="",0,G88)+0.2*IF(F88="",0,F88)) | O88: =SUM(B88:M88) | P88: =COUNTA(B88:M88)
A89: Tichu | E89: 0.012 | F89: 0.011 | I89: 0.022 | N89: =0.7*IF(I89="",0,I89)+0.3*(0.5*IF(H89="",0,H89)+0.3*IF(G89="",0,G89)+0.2*IF(F89="",0,F89)) | O89: =SUM(B89:M89) | P89: =COUNTA(B89:M89)
A90: Valpiedra | F90: 0.011 | I90: 0.022 | N90: =0.7*IF(I90="",0,I90)+0.3*(0.5*IF(H90="",0,H90)+0.3*IF(G90="",0,G90)+0.2*IF(F90="",0,F90)) | O90: =SUM(B90:M90) | P90: =COUNTA(B90:M90)
A91: Asturias 1936-1937 | G91: 0.043 | I91: 0.017 | N91: =0.7*IF(I91="",0,I91)+0.3*(0.5*IF(H91="",0,H91)+0.3*IF(G91="",0,G91)+0.2*IF(F91="",0,F91)) | O91: =SUM(B91:M91) | P91: =COUNTA(B91:M91)
A92: Nucleum | F92: 0.016 | G92: 0.011 | H92: 0.012 | I92: 0.017 | N92: =0.7*IF(I92="",0,I92)+0.3*(0.5*IF(H92="",0,H92)+0.3*IF(G92="",0,G92)+0.2*IF(F92="",0,F92)) | O92: =SUM(B92:M92) | P92: =COUNTA(B92:M92)
A93: Commands & Colors: Napoleonics | C93: 0.068 | G93: 0.011 | H93: 0.018 | I93: 0.017 | N93: =0.7*IF(I93="",0,I93)+0.3*(0.5*IF(H93="",0,H93)+0.3*IF(G93="",0,G93)+0.2*IF(F93="",0,F93)) | O93: =SUM(B93:M93) | P93: =COUNTA(B93:M93)
A94: Gaia Project | C94: 0.045 | D94: 0.028 | I94: 0.022 | N94: =0.7*IF(I94="",0,I94)+0.3*(0.5*IF(H94="",0,H94)+0.3*IF(G94="",0,G94)+0.2*IF(F94="",0,F94)) | O94: =SUM(B94:M94) | P94: =COUNTA(B94:M94)
A95: London | I95: 0.022 | N95: =0.7*IF(I95="",0,I95)+0.3*(0.5*IF(H95="",0,H95)+0.3*IF(G95="",0,G95)+0.2*IF(F95="",0,F95)) | O95: =SUM(B95:M95) | P95: =COUNTA(B95:M95)
A96: Rebel Tide | I96: 0.022 | N96: =0.7*IF(I96="",0,I96)+0.3*(0.5*IF(H96="",0,H96)+0.3*IF(G96="",0,G96)+0.2*IF(F96="",0,F96)) | O96: =SUM(B96:M96) | P96: =COUNTA(B96:M96)
A97: Frosthaven | E97: 0.019 | G97: 0.027 | H97: 0.006 | I97: 0.017 | N97: =0.7*IF(I97="",0,I97)+0.3*(0.5*IF(H97="",0,H97)+0.3*IF(G97="",0,G97)+0.2*IF(F97="",0,F97)) | O97: =SUM(B97:M97) | P97: =COUNTA(B97:M97)
A98: Catan | E98: 0.012 | F98: 0.016 | G98: 0.016 | H98: 0.006 | I98: 0.017 | N98: =0.7*IF(I98="",0,I98)+0.3*(0.5*IF(H98="",0,H98)+0.3*IF(G98="",0,G98)+0.2*IF(F98="",0,F98)) | O98: =SUM(B98:M98) | P98: =COUNTA(B98:M98)
A99: Washington's War | F99: 0.016 | G99: 0.016 | H99: 0.006 | I99: 0.017 | N99: =0.7*IF(I99="",0,I99)+0.3*(0.5*IF(H99="",0,H99)+0.3*IF(G99="",0,G99)+0.2*IF(F99="",0,F99)) | O99: =SUM(B99:M99) | P99: =COUNTA(B99:M99)
A100: Aeons end | G100: 0.005 | H100: 0.018 | I100: 0.017 | N100: =0.7*IF(I100="",0,I100)+0.3*(0.5*IF(H100="",0,H100)+0.3*IF(G100="",0,G100)+0.2*IF(F100="",0,F100)) | O100: =SUM(B100:M100) | P100: =COUNTA(B100:M100)
A101: Army of the Potomac | G101: 0.005 | H101: 0.018 | I101: 0.017 | N101: =0.7*IF(I101="",0,I101)+0.3*(0.5*IF(H101="",0,H101)+0.3*IF(G101="",0,G101)+0.2*IF(F101="",0,F101)) | O101: =SUM(B101:M101) | P101: =COUNTA(B101:M101)
...

Sheet Subidas y Bajadas Junio
A1: SUBIDAS, BAJADAS Y NOVEDADES — JUNIO 2026
A3: TOP 15 SUBIDAS
A4: Juego | B4: Pos. Jun | C4: Var
A5: Spirit Island | B5: 11 | C5: +302
A6: Operation Overlord | B6: 23 | C6: +273
A7: Orongo | B7: 65 | C7: +234
A8: Julius Caesar | B8: 51 | C8: +223
A9: Vampire: The Eternal Struggle | B9: 14 | C9: +215
A10: Ra | B10: 108 | C10: +201
A11: Star Trek: Captain's Chair | B11: 118 | C11: +196
A12: Thunderbolt | B12: 31 | C12: +191
A13: Innovation | B13: 94 | C13: +179
A14: Garabatos fatidicos | B14: 90 | C14: +177
A15: Star Wars Imperial Assault | B15: 42 | C15: +173
A16: Océanos de Papel | B16: 145 | C16: +147
... A19: Blood Bowl | B19: 32 | C19: +124
A21: TOP 15 BAJADAS
A22: Juego | B22: Pos. Jun | C22: Var
A23: Villa pegatina | B23: 328 | C23: -284
A24: La Corona del Viejo Rey | B24: 279 | C24: -265
A25: Hansa Teutónica | B25: 271 | C25: -213
A26: Roll'n Bump | B26: 304 | C26: -184
A27: La Famiglia | B27: 280 | C27: -177
A28: Gloria a Roma | B28: 266 | C28: -172
A29: Stationfall | B29: 218 | C29: -170
A30: Too Many Bones | B30: 227 | C30: -159
A31: Pax Renaissance | B31: 207 | C31: -147
A32: Castillos de Borgoña | B32: 169 | C32: -131
A33: Guerra del Anillo | B33: 140 | C33: -120
A34: Clash of Cultures | B34: 171 | C34: -116
... A37: Wingspan | B37: 334 | C37: -102
A39: TOP 20 NEW (por puntos)
A40: Juego | B40: Pos. Jun | C40: Pts
A41: Rebirth | B41: 6 | C41: 15
A42: Asturias 1936-1937 | B42: 25 | C42: 8
A43: Struggle of Empires | B43: 28 | C43: 8
A44: Dune Imperium: Uprising | B44: 29 | C44: 7
A45: The Russian Campaign | B45: 30 | C45: 7
A46: 1825 | B46: 33 | C46: 6
A47: La Marcha de las Hormigas | B47: 37 | C47: 6
A48: Kinfire Delve | B48: 40 | C48: 6
A49: Frosthaven | B49: 50 | C49: 5
A50: Marrakesh | B50: 52 | C50: 5
A51: Queen of spies | B51: 53 | C51: 5
A52: Tigris & Euphrates | B52: 54 | C52: 5
... A60: Alien Retaliation | B60: 71 | C60: 3

Sheet Stats Junio 2026
A1: STATS — JUNIO 2026
A3: Votantes | B3: 187
A4: Juegos distintos votados | B4: 335
A5: Puntos totales repartidos | B5: 1100
A6: Juegos NEW | B6: 210
A7: Juegos OUT (salieron del ranking) | B7: 199
A8: Líder del mes | B8: Cthulhu Dark Providence
A9: Puntos del líder | B9: 37
A10: Subida más grande | B10: Spirit Island (+302)
A11: Bajada más grande | B11: Villa pegatina (-284)

Sheet Votos Junio 2026
A1: Votante | B1: 1º (3 pts) | C1: 2º (2 pts) | D1: 3º (1 pt) | E1: Comentario
B2: 1825 | C2: orongo | D2: Kilia
B3: 1882 | C3: Arkwright | D3: Normandy 44
B4: 1825: Unit 2 | C4: Quartermaster General: South Front | D4: Struggle of Empires | E4: La Unit 2 del 1825 me tiene fascinado. Apretado, contundente y si parpadeas, se acaba la partida. Gran descubrimiento que no ha decepcionado. He teniedo la suerte de jugar tres partidas de seguido al Quartermaster General South Front y la verdad es que estoy encantado. Estamos todavía en la fase de que rompemos el juego en los primeros turnos y eso condiciona el resto de la partida, pero vamos aprendiendo. Un mes al que tengo la suerte de jugar a un Struggle of Empires tiene que incluirlo sí o sí. Menuda partidaza y eso que no la acabamos.
B5: Ace of Spades | C5: Pequeñas grandes Mazmorras | D5: Grimcoven
B6: Ace of spades | C6: Arhham Horror LCG | D6: El destino de la Comunidad (Pandemic)
B7: Adamastor | C7: Reforest | D7: Holanda 44 | E7: Seguimos con los solitarios de caja pequeña, pero con adquisición de jugón duro, el Holanda 44, y la ilusión de jugarlo algún día (que tampoco debe ser tan duro)
B8: Alien Retaliation | C8: Pax Pamir | D8: Gloria a Roma
B9: Arcs | C9: The Plum Island Horror | D9: Cthulhu Dark Providence
B10: Arcs | C10: Clash of Cultures | D10: Kemet
B11: Arcs | C11: Undaunted 2200 Callisto | D11: Sushi Go | E11: En veranito apetecen también bazas :)
B12: Ark nova | C12: Everdell | D12: Imperium Legends
B13: Arkham Horror LCG | C13: Too Many Bones | D13: Orleans
B14: Arkham horror lcg | C14: Frosthaven | D14: Final girl
B15: Asturias 1936-1937 | C15: Europa universalis | D15: Medina | E15: Son los juegos que más me apetecería jugar ahora mismo. No sé si podré jugarlos
B16: Aventureros al tren: leyendas del oeste | C16: Bombusters | D16: Hanabi
B17: Battletech | C17: Axies and allies | D17: Blood bowl | E17: Solo por el hecho de pasarlo bien con grandes amigos
B18: Berlín 1960 | C18: Cthulhu Dark Providence | D18: Oathsworn into the Deepwood
B19: Bios: Origins | C19: Pax Renaissance | D19: Hannibal | E19: En el Accesit se han quedado el High Frontier (dos partidas en el último mes), el Tigris (siempre hay un nivel mínimo de jugar al Tigris) y, sorpresa en las Gaunas, el Pandemic (el genuino, el clásico).
B20: Blood Bowl Team Manager | C20: Arkham Horror lcg | D20: Dark providence
B21: Blood on The Clocktower | C21: Skymines | D21: Mythic Battles
B22: Blood on the clocktower | C22: Sovereign: Shōgun | D22: Age of steam | E22: El shogun ese tardara minimo 2 años en llegar. Ya ardo en deseos!
B23: Castle combo | C23: Deep regrets | D23: Corps of discovery
B24: Clank! In space | C24: Julius Caesar | D24: Tikal
B25: Combat commander Europa | C25: Command & colors Napoleón | D25: Pole position
B26: Congress of Vienna | C26: Burning Banners | D26: Republic’s Struggle
B27: Conservas | C27: Marvel champions | D27: Beacon Patrol | E27: Estoy redescubriendo estantería y la satisfacción es enorme
B28: Container | C28: Through the Desert | D28: 504
B29: Container | C29: Speakeasy | D29: Maladum | E29: Tengo todo el hype con Container, quiero jugarlo más, quiero jugarlo siempre. Speakeasy lo saco ya 3 meses seguido, genialísimo Lacerda pero de difícil digestión lúdica. Maladum... porque quiero empezar una campaña en serio ya pero los días son largos en verano y cortos para la afición en estos meses.
B30: Container | C30: Red Cathedral | D30: Nippon Zaibatsu
B31: Criaturas maravillosas | C31: Massive Darkness 2 | D31: Sweet Lands
B32: Criaturas Maravillosas | C32: Toy Battle | D32: Casa del fado
B33: Cthulhu: Dark Providence | C33: Ponzi Scheme | D33: Puerto Rico 1897
B34: Cthulhu: Dark Providence | C34: The Downfall of Pompeii
B35: D-day Omaha | C35: Asturias 1936-37 | D35: Combat Commander Europa
B36: D-Day Omaha Beach | C36: Wir Sind Das Volk | D36: Marco Polo II
B37: Dark Providence | C37: Thunderbolt | D37: Operation overlord | E37: Operation overlord lo he puesto no porque sea buen juego,si no por los quebraderos que n está dando el manual y por los intentos que estoy intentando hacer para poder hacer que el juego sea decente y jugable .A pesar de que tiene reglas interesantes el juego no termina de funcionar
B38: Dark Providence | C38: Blitz Bowl | D38: Eternal Decks
B39: Dark Providence | C39: Tumblin dice | D39: Toy Battle
B40: Darwin Journey | C40: Terraforming Mars | D40: Stone Age
B41: Decrypto | C41: The Gang | D41: Roll'n Bump | E41: Los que más me apetece jugar ahora mismo
B42: Día D Playa de Omaha | C42: Reforest | D42: Kinfire Delve
B43: Dragon Ball Deckbuilding Game (fanmade) | C43: Sky Team | D43: Captain Flip
B44: Duelo por cardia | C44: Heroquest | D44: Oceanos de papel
B45: Dune Imperium | C45: Stationfall | D45: Star Wars Unlimited
B46: Dune Imperium Insurrección | C46: Las ruinas perdidas de Arnak | D46: Aventureros al Tren: Europa
B47: Dune Imperium Uprising | C47: Ecos del tiempo | D47: Ruinas de Arnak
B48: Earthborne Rangers | C48: Ruinas perdidas de Arnak | D48: Spirit Island
B49: Eila y el brillo misterioso | C49: Holanda 44
B50: El destino de la Comunidad | C50: El señor de los anillos LCG | D50: Seti
B51: El Destino de la Comunidad | C51: A Touch of Evil | D51: Got Five
B52: El hobbit el juego de cartas de M. Wallace | C52: Mogul | D52: Mordred | E52: Para cuando la edición awaken de El Hobbit de Wallace?
B53: El senyor de los anillos LCG | C53: Barrage | D53: Dominant spices marine
B54: Elder Scroll | C54: Guerra del Anillo | D54: Star Wars Rebellion
B55: Elder Scroll betrayal 2º era | C55: Kinfire delve | D55: reforest
B56: Elder scrolls | C56: Arcs | D56: Tzol'kin | E56: En la variedad está el gusto, no he querido meter juegos de campañas largos siendo ya Elder Scrolls un juego de campaña pero que al ser tan rejugable y relativamente contenido en tiempo la campaña merece una mención especial por lo que ofrece.
B57: Elder Scrolls Betrayal of the second era | C57: 7th citadel | D57: Flip 7
B58: Endeavor: Mar Profundo | C58: Struggle of Empires | D58: Splendor Duel | E58: Todo lo que juego es una maravilla
B59: ESDLA: el destino de la comunidad | C59: Twilight Struggle | D59: Caverna
B60: ESDLA: El Pepino de la Comunidad | C60: Onus! | D60: Alakazum!
B61: Europa Universalis | C61: Cloudspire | D61: Aeons end | E61: Europa Universalis, juego muy muy exigente pero no sé porque en vez de tirar la todos el cuerpo pide más
B62: Fields of fire | C62: D Day Omaha beach | D62: Combat commander | E62: Soy un clásico
B63: Fields of fire | C63: Arkham Horror LCG | D63: Guerra del Anillo
B64: Garabatos fatídicos | C64: Ace of spades | D64: Terraforming Mars
B65: GBACW Gettysburg | C65: Thunderbolt | D65: Liberty Roads
B66: Gloomhaven | C66: Vampire Chapters | D66: Nemesis Represalia
B67: Habitats | C67: After the Virus | D67: Formula D
B68: Hansa | C68: Anno 1800 | D68: Through the desert | E68: Hansa (o Hanze, según donde lo hayas pillado) ese juego que con dos páginas de reglas te hace sentir que estás ante un gran JUEGAZO!!!
B69: Heroes de Baler | C69: D-Day Omaha | D69: Imperial Assault
B70: Imperial assault | C70: Spirit island | D70: Terraforming mars
B71: Innovation | C71: Lost Seas | D71: Toy Battle
B72: Iwo jima el infierno en la tierra | C72: Cruzada y revolución | D72: D day at omaha beach
B73: John Company 2a edicion | C73: A Study in Emerald 1a ed | D73: Tinners Trail
B74: Keep the heroes out | C74: Nemesis retaliatio n | D74: Barrage
B75: Kinfire Delve | C75: Rebirth | D75: Ace of spades | E75: No se si vale la pena los tres Kinfire Delve, to solo tengo el azul
B76: Kingdom Death Monster | C76: 18Chesapeake | D76: Oath
B77: Kingdoms Forlorn | C77: The Elder scrolls: Betrayal of the second era | D77: Earthborne Rangers
B78: La marcha de las hormigas | C78: Kinfire chronicles | D78: Villa pegatina
B79: La Marcha de las Hormigas | C79: Oceans | D79: Deep Regrets
B80: Lisboa | C80: Cthulhu dark providence | D80: Eruditos de las tierras del sur
B81: Lord Of The Rings LCG | C81: Space Empires 4X | D81: Challengers | E81: Casa día que juego, entiendo menos mis gustos.
B82: machina arcana | C82: unstoppable | D82: voidfall | E82: No
B83: Mage Knight | C83: Nippon Zaibatsu | D83: Aventureros al tren: Raíles al Oeste, o algo así, el Legacy :-)
B84: Magical athlete | C84: Vaguette | D84: Harmonies
B85: maladum | C85: pursuit of happiness | D85: wits and wagers
B86: Marrakesh | C86: Tzolkin | D86: Blue lagoon | E86: Este mes hemos jugado bastante, unas 14 partidas o asi de las cuales la mayoria fillers. No se la gente cuándo saca tiempo para jugar 25 partidas de juegos medios. De euros medios o medio duros hemos recuperado Tzolkin , un juego castigador si juegas al tun tun. Ultimamente y digo en los ultimos meses el cuerpo me pide juegos que no pasen del 3.5 de dureza, y los familiares nos vuelven a hacer tilín. Estamos cómodos en casa con juegos más relajados y de menos set up. Este mes con Marrakesh y tzolkin nos hemos saltado un poco esa linea pero el resto del mes hemos bajado la media. Se nota ya el calor
B87: Marvel Champions | C87: Unstoppable | D87: Hegemony
B88: Marvel zombies | C88: elder scroll betrayal of the second era | D88: obsesión | E88: rejuego bastante, y la entrada de novedades, es muy consensuada
B89: Mayor of Chicago | C89: Blackout Hong Kong | D89: La expedición perdida. | E89: Son los que más he jugado este mes, por orden. El Blackout no se cómo irá de rejugabilidad, pero la pequeña campaña en solitario no está mal
B90: Nemesis Represalia | C90: Clash of Cultures Monumental Edition | D90: Trickerion
B91: Némesis represalia | C91: Cthulu Dark Providence | D91: Star Wars Legion
B92: Nemesis Retaliaton | C92: D-Day playa de Omaha | D92: Cardia
B93: Nippon zaibatsu | C93: undaunted stalingrad | D93: Concordia
B94: Nippon Zaibutsu | C94: Compania | D94: March of the ants
B95: Operation Overlord | C95: Battlefields of the Napoleonic Wars | D95: ISS Vanguard
B96: Operation Overlord - VUCA Simulations | C96: Help Arrives! - DracoIdeas | D96: The Russian Campaing - Devir
B97: Pericles | C97: Burning Banners | D97: Earthborne Rangers
B98: Pursuit of Glory | C98: Operation Overlord | D98: Army of the Potomac
B99: Queen of spies | C99: Vantage | D99: Nemesis Retaliation | E99: Soy jugador de solitarios a la fuerza
B100: Rebirth | C100: Eila y el brillo misterioso | D100: Spirit Island
...

Sheet Ranking May 2026
A1: RANKING MENSUAL — MAYO 2026
A2: Votantes: | B2: 184 | D2: Juegos distintos: | E2: 324 | G2: Puntos totales: | H2: 1095
A4: Pos | B4: Juego | C4: Pts | D4: Norm. | E4: Nº1 | F4: Nº2 | G4: Nº3 | H4: Votos | I4: Var.
A5: 1 | B5: The Elder Scrolls: La Traición de la Segunda Era | C5: 50 | D5: 0.272 | E5: 13 | F5: 5 | G5: 1 | H5: 19 | I5: +1
A6: 2 | B6: D-Day at Omaha Beach | C6: 22 | D6: 0.12 | E6: 6 | F6: 2 | G6: 0 | H6: 8 | I6: +11
A7: 3 | B7: El Señor de los Anillos: El Destino de la Comunidad | C7: 22 | D7: 0.12 | E7: 4 | F7: 4 | G7: 2 | H7: 10 | I7: +148
A8: 4 | B8: Cthulhu Dark Providence | C8: 21 | D8: 0.114 | E8: 5 | F8: 2 | G8: 2 | H8: 9 | I8: +33
A9: 5 | B9: Ace of Spades | C9: 21 | D9: 0.114 | E9: 4 | F9: 3 | G9: 3 | H9: 10 | I9: NEW
A10: 6 | B10: Voidfall | C10: 19 | D10: 0.103 | E10: 4 | F10: 3 | G10: 1 | H10: 8 | I10: +16
A11: 7 | B11: Unstoppable | C11: 18 | D11: 0.098 | E11: 5 | F11: 1 | G11: 1 | H11: 7 | I11: NEW
A12: 8 | B12: Arkham Horror LCG | C12: 17 | D12: 0.092 | E12: 3 | F12: 3 | G12: 2 | H12: 8 | I12: -5
A13: 9 | B13: Arcs | C13: 15 | D13: 0.082 | E13: 1 | F13: 5 | G13: 2 | H13: 8 | I13: +3
A14: 10 | B14: Civolution | C14: 14 | D14: 0.076 | E14: 3 | F14: 2 | G14: 1 | H14: 6 | I14: =
A15: 11 | B15: Ark Nova | C15: 13 | D15: 0.071 | E15: 4 | F15: 0 | G15: 1 | H15: 5 | I15: -4
A16: 12 | B16: Nemesis Retaliation | C16: 13 | D16: 0.071 | E16: 3 | F16: 1 | G16: 2 | H16: 6 | I16: -8
... A328: 324 | B328: pelusas | C328: 1 | D328: 0.005 | E328: 0 | F328: 0 | G328: 1 | H328: 1 | I328: NEW

Sheet Power Ranking May
A1: POWER RANKING — MAYO 2026
A2: Score = 0,7 × norm. mayo + 0,3 × (0,5×abr + 0,3×mar + 0,2×feb)
A4: Pos | B4: Juego | C4: Score | D4: Norm May | E4: Norm Abr | F4: Norm Mar | G4: Norm Feb
A5: 1 | B5: The Elder Scrolls: La Traición de la Segunda Era | C5: 0.2498 | D5: 0.272 | E5: 0.346 | F5: 0.083
A6: 2 | B6: D-Day at Omaha Beach | C6: 0.1329 | D6: 0.12 | E6: 0.062 | F6: 0.167 | G6: 0.409
A7: 3 | B7: Arkham Horror LCG | C7: 0.1204 | D7: 0.092 | E7: 0.173 | F7: 0.167 | G7: 0.25
A8: 4 | B8: Voidfall | C8: 0.091 | D8: 0.103 | E8: 0.049 | F8: 0.083 | G8: 0.068
A9: 5 | B9: El Señor de los Anillos: El Destino de la Comunidad | C9: 0.0858 | D9: 0.12 | E9: 0.012
A10: 6 | B10: Cthulhu Dark Providence | C10: 0.0844 | D10: 0.114 | E10: 0.031
A11: 7 | B11: Arcs | C11: 0.0821 | D11: 0.082 | E11: 0.074 | F11: 0.014 | G11: 0.205
A12: 8 | B12: SETI | C12: 0.0812 | D12: 0.065 | E12: 0.074 | F12: 0.167 | G12: 0.159
A13: 9 | B13: Ace of Spades | C13: 0.0798 | D13: 0.114
A14: 10 | B14: La Corona del Viejo Rey | C14: 0.0735 | D14: 0.065 | E14: 0.074 | F14: 0.097 | G14: 0.136
A15: 11 | B15: Civolution | C15: 0.0722 | D15: 0.076 | E15: 0.074 | F15: 0.042 | G15: 0.068
A16: 12 | B16: Ark Nova | C16: 0.072 | D16: 0.071 | E16: 0.086 | F16: 0.028 | G16: 0.114
A17: 13 | B17: Nemesis Retaliation | C17: 0.0707 | D17: 0.071 | E17: 0.123 | F17: 0.028
A18: 14 | B18: Unstoppable | C18: 0.0686 | D18: 0.098
A19: 15 | B19: Speakeasy | C19: 0.065 | D19: 0.054 | E19: 0.08 | F19: 0.139 | G19: 0.045
A20: 16 | B20: Vampire: The Eternal Struggle | C20: 0.0596 | D20: 0.011 | E20: 0.346
A21: 17 | B21: Mage Knight | C21: 0.0564 | D21: 0.065 | E21: 0.031 | F21: 0.069
A22: 18 | B22: Nippon: Zaibatsu | C22: 0.0545 | D22: 0.065 | E22: 0.043 | F22: 0.028
A23: 19 | B23: Crucero Galáctico | C23: 0.0535 | D23: 0.065 | E23: 0.012 | F23: 0.069
A24: 20 | B24: Toy Battle | C24: 0.0522 | D24: 0.038 | E24: 0.025 | F24: 0.167 | G24: 0.114
A25: 21 | B25: Age of Steam | C25: 0.0481 | D25: 0.038 | E25: 0.062 | F25: 0.014 | G25: 0.182
A26: 22 | B26: Burning Banners | C26: 0.0462 | D26: 0.043 | E26: 0.031 | F26: 0.097 | G26: 0.045
A27: 23 | B27: Marvel Champions | C27: 0.0455 | D27: 0.038 | E27: 0.049 | F27: 0.083 | G27: 0.068
A28: 24 | B28: Guerra del Anillo | C28: 0.0452 | D28: 0.049 | E28: 0.056 | F28: 0.028
A29: 25 | B29: Blood on the Clocktower | C29: 0.0406 | D29: 0.054 | E29: 0.019
A30: 26 | B30: Heat | C30: 0.0398 | D30: 0.049 | E30: 0.037
A31: 27 | B31: Twilight Struggle | C31: 0.0395 | D31: 0.033 | E31: 0.019 | F31: 0.014 | G31: 0.205
A32: 28 | B32: Rise & Fall | C32: 0.0394 | D32: 0.043 | E32: 0.037 | F32: 0.042
A33: 29 | B33: Metal Gear Solid | C33: 0.0392 | D33: 0.033 | E33: 0.099 | F33: 0.014
A34: 30 | B34: Terraforming Mars | C34: 0.0387 | D34: 0.038 | E34: 0.012 | F34: 0.069 | G34: 0.068
A35: 31 | B35: Dune Imperium | C35: 0.035 | D35: 0.038 | E35: 0.056
A36: 32 | B36: Las Ruinas Perdidas de Arnak | C36: 0.0348 | D36: 0.016 | E36: 0.099 | F36: 0.097
A37: 33 | B37: María | C37: 0.0348 | D37: 0.016 | E37: 0.031 | F37: 0.028 | G37: 0.273
A38: 34 | B38: Root | C38: 0.0347 | D38: 0.027 | E38: 0.037 | F38: 0.069 | G38: 0.068
A39: 35 | B39: Earthborne Rangers | C39: 0.0345 | D39: 0.027 | E39: 0.043 | F39: 0.056 | G39: 0.068
A40: 36 | B40: Criaturas Maravillosas | C40: 0.0338 | D40: 0.043 | E40: 0.025
A41: 37 | B41: Taluva | C41: 0.0311 | D41: 0.027 | E41: 0.019 | F41: 0.028 | G41: 0.114
A42: 38 | B42: Reforest | C42: 0.0301 | D42: 0.043
A43: 39 | B43: Pax Pamir | C43: 0.0294 | D43: 0.033 | E43: 0.025 | F43: 0.028
A44: 40 | B44: Castillos de Borgoña | C44: 0.0286 | D44: 0.033 | E44: 0.019 | G44: 0.045
A45: 41 | B45: El Señor de los Anillos LCG | C45: 0.0284 | D45: 0.027 | E45: 0.037 | F45: 0.014 | G45: 0.045
A46: 42 | B46: Stationfall | C46: 0.0282 | D46: 0.027 | E46: 0.062
A47: 43 | B47: Thunder Road: Vendetta | C47: 0.0275 | D47: 0.038 | E47: 0.006
A48: 44 | B48: Brass Birmingham | C48: 0.0274 | D48: 0.016 | E48: 0.037 | F48: 0.042 | G48: 0.114
A49: 45 | B49: Europa Universalis | C49: 0.0268 | D49: 0.027 | F49: 0.042 | G49: 0.068
A50: 46 | B50: Imperium Clásicos y Legendarios | C50: 0.0268 | D50: 0.027 | F50: 0.042 | G50: 0.068
A51: 47 | B51: Ruleta Rusa | C51: 0.0259 | D51: 0.033 | E51: 0.019
A52: 48 | B52: Corre y Apuesta | C52: 0.0257 | D52: 0.033 | F52: 0.014 | G52: 0.023
A53: 49 | B53: Indonesia | C53: 0.0254 | D53: 0.033 | E53: 0.006 | G53: 0.023
A54: 50 | B54: Race for the Galaxy | C54: 0.0254 | D54: 0.033 | E54: 0.006 | G54: 0.023
A55: 51 | B55: Tin Goose | C55: 0.0253 | D55: 0.027 | E55: 0.043
A56: 52 | B56: Too Many Bones | C56: 0.0253 | D56: 0.022 | E56: 0.049 | F56: 0.028
A57: 53 | B57: Concordia | C57: 0.0249 | D57: 0.033 | E57: 0.012
A58: 54 | B58: Space Empires 4X | C58: 0.0226 | D58: 0.011 | E58: 0.031 | F58: 0.069 | G58: 0.068
A59: 55 | B59: Twilight Imperium IV | C59: 0.022 | D59: 0.022 | E59: 0.019 | F59: 0.042
A60: 56 | B60: Flip 7 | C60: 0.0217 | D60: 0.022 | E60: 0.025 | F60: 0.028
A61: 57 | B61: La Famiglia | C61: 0.0213 | D61: 0.016 | E61: 0.006 | F61: 0.042 | G61: 0.091
A62: 58 | B62: Pax Renaissance | C62: 0.021 | D62: 0.022 | E62: 0.012 | F62: 0.042
A63: 59 | B63: Final Girl | C63: 0.0207 | D63: 0.027 | E63: 0.012
A64: 60 | B64: Senderos de Gloria | C64: 0.0205 | D64: 0.016 | E64: 0.019 | F64: 0.042 | G64: 0.045
A65: 61 | B65: Brass Lancashire | C65: 0.02 | D65: 0.016 | E65: 0.025 | F65: 0.056
A66: 62 | B66: Bus | C66: 0.0198 | D66: 0.027 | E66: 0.006
A67: 63 | B67: Barrage | C67: 0.0196 | D67: 0.022 | E67: 0.019 | G67: 0.023
A68: 64 | B68: A Través del Desierto | C68: 0.0189 | D68: 0.027
A69: 65 | B69: La casa de Pavlov | C69: 0.0189 | D69: 0.027
A70: 66 | B70: Villa pegatina | C70: 0.0189 | D70: 0.027
A71: 67 | B71: Guerra del Anillo: El Juego de Cartas | C71: 0.0188 | D71: 0.016 | E71: 0.025 | F71: 0.028 | G71: 0.023
A72: 68 | B72: Battles of the American Revolution Tri-Pack | C72: 0.0182 | D72: 0.022 | E72: 0.019
A73: 69 | B73: Dune (1979) | C73: 0.0182 | D73: 0.022 | E73: 0.019
A74: 70 | B74: Shogun | C74: 0.0182 | D74: 0.022 | E74: 0.019
A75: 71 | B75: Innovation Ultimate Edition | C75: 0.0179 | D75: 0.011 | F75: 0.083 | G75: 0.045
A76: 72 | B76: After the Virus | C76: 0.0177 | D76: 0.005 | E76: 0.043 | F76: 0.056 | G76: 0.045
A77: 73 | B77: Carson City | C77: 0.0177 | D77: 0.016 | F77: 0.042 | G77: 0.045
A78: 74 | B78: Alhambra | C78: 0.0163 | D78: 0.022 | E78: 0.006
A79: 75 | B79: Fallen Land | C79: 0.0159 | D79: 0.016 | E79: 0.006 | F79: 0.042
A80: 76 | B80: Weimar: La lucha por la república | C80: 0.0158 | D80: 0.016 | E80: 0.031
A81: 77 | B81: Kingdom Builder | C81: 0.0155 | D81: 0.016 | E81: 0.012 | F81: 0.028
A82: 78 | B82: Clash of Cultures | C82: 0.0154 | D82: 0.022
A83: 79 | B83: Descent: Leyendas de las Tinieblas | C83: 0.0154 | D83: 0.022
A84: 80 | B84: El Nombre de la Rosa | C84: 0.0154 | D84: 0.022
A85: 81 | B85: Hansa Teutónica | C85: 0.0154 | D85: 0.022
A86: 82 | B86: La Cuenta | C86: 0.0154 | D86: 0.022
A87: 83 | B87: Light Speed Arena | C87: 0.0154 | D87: 0.022
A88: 84 | B88: Nusfjord | C88: 0.0154 | D88: 0.016 | E88: 0.019 | G88: 0.023
A89: 85 | B89: Star Wars Rebellion | C89: 0.0153 | D89: 0.011 | E89: 0.025 | F89: 0.028 | G89: 0.023
A90: 86 | B90: Wingspan | C90: 0.0152 | D90: 0.011 | E90: 0.025 | F90: 0.042
A91: 87 | B91: Spirit Island | C91: 0.015 | D91: 0.005 | E91: 0.025 | F91: 0.056 | G91: 0.045
A92: 88 | B92: Luthier | C92: 0.0149 | D92: 0.016 | E92: 0.025
A93: 89 | B93: Vantage | C93: 0.0148 | D93: 0.016 | E93: 0.006 | G93: 0.045
A94: 90 | B94: Resistencia Holandesa | C94: 0.0143 | D94: 0.011 | E94: 0.019 | F94: 0.042
A95: 91 | B95: Bridges of Shangri-La | C95: 0.014 | D95: 0.016 | E95: 0.019
A96: 92 | B96: Gloria a Roma | C96: 0.014 | D96: 0.016 | E96: 0.019
A97: 93 | B97: Here I Stand | C97: 0.014 | D97: 0.016 | E97: 0.019
A98: 94 | B98: Combat Commander | C98: 0.0138 | D98: 0.016 | F98: 0.014 | G98: 0.023
A99: 95 | B99: Pax Transhumanity | C99: 0.0137 | D99: 0.016 | F99: 0.028
A100: 96 | B100: Crokinole | C100: 0.0136 | D100: 0.011 | E100: 0.012 | G100: 0.068
A101: 97 | B101: Great Western Trail | C101: 0.0133 | D101: 0.011 | E101: 0.012 | F101: 0.042
...

Sheet Subidas y Bajadas May
A1: SUBIDAS Y BAJADAS — MAYO 2026
A3: TOP 15 SUBIDAS
A4: Juego | B4: Pos. May | C4: Pos. Abr | D4: Salto
A5: Thunder Road: Vendetta | B5: 29 | C5: 272 | D5: +243
A6: Race for the Galaxy | B6: 34 | C6: 253 | D6: +219
A7: Indonesia | B7: 32 | C7: 239 | D7: +207
A8: Terraforming Mars | B8: 27 | C8: 189 | D8: +162
A9: Bus | B9: 51 | C9: 209 | D9: +158
A10: Alhambra | B10: 54 | C10: 204 | D10: +150
A11: El Señor de los Anillos: El Destino de la Comunidad | B11: 3 | C11: 151 | D11: +148
A12: Troyes | B12: 130 | C12: 274 | D12: +144
A13: The Coming Wave | B13: 127 | C13: 268 | D13: +141
A14: La Famiglia | B14: 103 | C14: 240 | D14: +137
A15: Space Hulk: Death Angel | B15: 124 | C15: 260 | D15: +136
A16: Fallen Land | B16: 91 | C16: 223 | D16: +132
... A19: Tumblin' Dice | B19: 144 | C19: 275 | D19: +131
A21: TOP 15 BAJADAS
A22: Juego | B22: Pos. May | C22: Pos. Abr | D22: Caída
A23: Spirit Island | B23: 313 | C23: 48 | D23: -265
A24: Vampire: The Eternal Struggle | B24: 229 | C24: 1 | D24: -228
A25: After the Virus | B25: 235 | C25: 26 | D25: -209
A26: Virgin Queen | B26: 322 | C26: 115 | D26: -207
A27: Star Trek: Captain's Chair | B27: 314 | C27: 108 | D27: -206
A28: Trickerion | B28: 317 | C28: 112 | D28: -205
A29: Dune: War for Arrakis | B29: 259 | C29: 57 | D29: -202
A30: Pax Porfiriana | B30: 302 | C30: 100 | D30: -202
A31: Pequeñas Grandes Mazmorras | B31: 303 | C31: 101 | D31: -202
A32: Orongo | B32: 299 | C32: 99 | D32: -200
A33: Legendary Encounters: Alien | B33: 280 | C33: 91 | D33: -189
A34: Fortune & Glory | B34: 266 | C34: 79 | D34: -187
... A37: Wingspan | B37: 232 | C37: 50 | D37: -182
A39: TOP 20 NEW
A40: Juego | B40: Pos. May | C40: Pts | D40: Votos
A41: Ace of Spades | B41: 5 | C41: 21 | D41: 10
A42: Unstoppable | B42: 7 | C42: 18 | D42: 7
A43: Reforest | B43: 23 | C43: 8 | D43: 4
A44: Corre y Apuesta | B44: 39 | C44: 6 | D44: 4
A45: Villa pegatina | B45: 44 | C45: 5 | D45: 3
A46: Europa Universalis | B46: 45 | C46: 5 | D46: 2
A47: La casa de Pavlov | B47: 47 | C47: 5 | D47: 2
A48: A Través del Desierto | B48: 50 | C48: 5 | D48: 3
A49: Imperium Clásicos y Legendarios | B49: 52 | C49: 5 | D49: 3
A50: Clash of Cultures | B50: 55 | C50: 4 | D50: 2
A51: El Nombre de la Rosa | B51: 56 | C51: 4 | D51: 2
A52: Hansa Teutónica | B52: 58 | C52: 4 | D52: 2
... A60: Battalion S3 Issue 1 (Revista de MMP) | B60: 74 | C60: 3 | D60: 1
